,instruction,inputs,targets,task,data_source,ID,langs,premise,ID,Instruction,Input Text,Response,Log-Likelihood,Targets,Task,Langs
0,"Da fatan za a gano ra'ayin da ke cikin wannan rubutu bisa ga jagorori masu zuwa: Kyakkyawa: idan rubutu na nuna kyakkyawan tunani, hali, da yanayi. Korau: idan rubutu yana nuna mummunar tunani ko yanayi. Neutral: idan rubutu baya nuna kyakkyawar magana ko mara kyau kai tsaye ko a kaikaice.",@user allah yagafar tamasa ameen ğŸ¤²ğŸ¤²ğŸ¤²,Kyakkyawa,sentiment,naijasenti,1,hausa,,1.0,"Da fatan za a gano ra'ayin da ke cikin wannan rubutu bisa ga jagorori masu zuwa: Kyakkyawa: idan rubutu na nuna kyakkyawan tunani, hali, da yanayi. Korau: idan rubutu yana nuna mummunar tunani ko yanayi. Neutral: idan rubutu baya nuna kyakkyawar magana ko mara kyau kai tsaye ko a kaikaice.",@user allah yagafar tamasa ameen ğŸ¤²ğŸ¤²ğŸ¤²,125907643898440,-193.1068420410156,Kyakkyawa,sentiment,hausa
1,"Tantance raâ€™ayin wannan rubutu kuma a rarraba rubutun zuwa É—aya daga cikin waÉ—annan rukunoni. Kyakkyawa: idan rubutu yana nuna kyakkyawan tunani, hali, da yanayin motsin rai. Korau: idan rubutu yana nuna mummunar tunani ko motsin rai. Tsaka-tsaki: idan rubutu baya nufin magana mai kyau ko mara kyau kai tsaye ko a kaikaice.",yaa salam shi kenan mu yan arewa kullun ana cikin kashe mu,Korau,sentiment,naijasenti,2,hausa,,2.0,"Tantance raâ€™ayin wannan rubutu kuma a rarraba rubutun zuwa É—aya daga cikin waÉ—annan rukunoni. Kyakkyawa: idan rubutu yana nuna kyakkyawan tunani, hali, da yanayin motsin rai. Korau: idan rubutu yana nuna mummunar tunani ko motsin rai. Tsaka-tsaki: idan rubutu baya nufin magana mai kyau ko mara kyau kai tsaye ko a kaikaice.",yaa salam shi kenan mu yan arewa kullun ana cikin kashe mu,2014.10.30.187.,-155.13381958007812,Korau,sentiment,hausa
2,"Za ka iya tantance yanayin wannan rubutu? Bi waÉ—annan jagororin sharhi: Kyakkyawa: idan rubutu na nuna kyakkyawan tunani, hali, da yanayi. Korau: idan rubutu yana nuna mummunar tunani ko yanayi. Neutral: idan rubutu baya nuna kyakkyawar magana ko mara kyau kai tsaye ko a kaikaice.",hhhh to yy sai aba uwayensu kudin saci,Tsaka-tsaki,sentiment,naijasenti,3,hausa,,3.0,"Za ka iya tantance yanayin wannan rubutu? Bi waÉ—annan jagororin sharhi: Kyakkyawa: idan rubutu na nuna kyakkyawan tunani, hali, da yanayi. Korau: idan rubutu yana nuna mummunar tunani ko yanayi. Neutral: idan rubutu baya nuna kyakkyawar magana ko mara kyau kai tsaye ko a kaikaice.",hhhh to yy sai aba uwayensu kudin saci,1. Yenun kurong kesa yo yer,-181.55636596679688,Tsaka-tsaki,sentiment,hausa
3,"Gano ra'ayin da aka bayyana a cikin wannan rubutu. Bin waÉ—annan jagororin, kyakkyawa yana na rubutu na nufin kyakkyawan tunani, É—abi'a, da motsin rai. Korau na nuna rubutu na nufin mummunan tunani ko motsin rai. Tsaka-tsaki na nuna rubutu baya nufin magana mai kyau ko mara kyau kai tsaye ko a kaikaice.",@user ynxu fha da kanada kudi shikenan duk kayan nan zasu iya zama naka noğŸ§¢,Tsaka-tsaki,sentiment,afrisenti,4,hausa,,4.0,"Gano ra'ayin da aka bayyana a cikin wannan rubutu. Bin waÉ—annan jagororin, kyakkyawa yana na rubutu na nufin kyakkyawan tunani, É—abi'a, da motsin rai. Korau na nuna rubutu na nufin mummunan tunani ko motsin rai. Tsaka-tsaki na nuna rubutu baya nufin magana mai kyau ko mara kyau kai tsaye ko a kaikaice.",@user ynxu fha da kanada kudi shikenan duk kayan nan zasu iya zama naka noğŸ§¢,125679034833493,-193.66653442382807,Tsaka-tsaki,sentiment,hausa
4,"Za ka iya tantance yanayin wannan rubutu? Bi waÉ—annan jagororin sharhi: Kyakkyawa: idan rubutu na nuna kyakkyawan tunani, hali, da yanayi. Korau: idan rubutu yana nuna mummunar tunani ko yanayi. Neutral: idan rubutu baya nuna kyakkyawar magana ko mara kyau kai tsaye ko a kaikaice.",wannan maganan ba haka take bada buharin yazo arushe ya same mu ko shi ya rusa mu,Tsaka-tsaki,sentiment,naijasenti,5,hausa,,1.0,"Changanua mawazo ya matini yanayofuata na uainishe matini hayo katika mojawapo ya lebo zifuatazo. Chanya: iwapo matini yanadokeza mawazo, mtazamo na hali chanya ya kihisia. Hasi: iwapo matini yanadokeza mawazo au hisia hasi. Wastani: iwapo matini hayadokezi lugha chanya au hasi kwa njia ya moja kwa moja au isiyo ya moja kwa moja.",dreamliner dar  mwanza air tanzania tunapenda kuwatangazia wateja wetu kuwa kwenye msimu wa sikukuu tumeongeza safari ze,123086947524732,-192.33999633789065,Chanya,sentiment,swahili
5,"Gano ra'ayin da aka bayyana a cikin wannan rubutu. Bin waÉ—annan jagororin, kyakkyawa yana na rubutu na nufin kyakkyawan tunani, É—abi'a, da motsin rai. Korau na nuna rubutu na nufin mummunan tunani ko motsin rai. Tsaka-tsaki na nuna rubutu baya nufin magana mai kyau ko mara kyau kai tsaye ko a kaikaice.",@user muma a bamu a gani mana idan bamu mayar bağŸ¤£,Tsaka-tsaki,sentiment,afrisenti,6,hausa,,2.0,"Changanua mawazo ya matini yanayofuata na uainishe matini hayo katika mojawapo ya lebo zifuatazo. Chanya: iwapo matini yanadokeza mawazo, mtazamo na hali chanya ya kihisia. Hasi: iwapo matini yanadokeza mawazo au hisia hasi. Wastani: iwapo matini hayadokezi lugha chanya au hasi kwa njia ya moja kwa moja au isiyo ya moja kwa moja.", karibu sana hon ndani ya,210739684587889,-197.69992065429688,Wastani,sentiment,swahili
6,"Tantance raâ€™ayin wannan rubutu kuma a rarraba rubutun zuwa É—aya daga cikin waÉ—annan rukunoni. Kyakkyawa: idan rubutu yana nuna kyakkyawan tunani, hali, da yanayin motsin rai. Korau: idan rubutu yana nuna mummunar tunani ko motsin rai. Tsaka-tsaki: idan rubutu baya nufin magana mai kyau ko mara kyau kai tsaye ko a kaikaice.",@user ai matsalan yanzu shima baifi karfin a kakaba masa takunkumi ba ğŸ˜‚ğŸ˜‚ğŸ˜‚,Tsaka-tsaki,sentiment,naijasenti,7,hausa,,3.0,"Changanua mawazo ya matini yanayofuata na uainishe matini hayo katika mojawapo ya lebo zifuatazo. Chanya: iwapo matini yanadokeza mawazo, mtazamo na hali chanya ya kihisia. Hasi: iwapo matini yanadokeza mawazo au hisia hasi. Wastani: iwapo matini hayadokezi lugha chanya au hasi kwa njia ya moja kwa moja au isiyo ya moja kwa moja.",kuna la kujifunza kwa mtoto malcolm masoud kipanya jina langu ni malcolm ali masoud ni mtoto wa kwanza wa ali masoud kip,108263574920133,-185.50247192382807,Chanya,sentiment,swahili
7,"Za ka iya tantance yanayin wannan rubutu? Bi waÉ—annan jagororin sharhi: Kyakkyawa: idan rubutu na nuna kyakkyawan tunani, hali, da yanayi. Korau: idan rubutu yana nuna mummunar tunani ko yanayi. Neutral: idan rubutu baya nuna kyakkyawar magana ko mara kyau kai tsaye ko a kaikaice.",@user koma dai me akeso ace is doesnâ€™t make sense ğŸ’ğŸ½â€â™‚ï¸pls mutum dai yasan fans din nashima hausa sukeji amma se an musu gwaranci,Korau,sentiment,naijasenti,8,hausa,,1.0,translate the following from english into hausa.,"""everybody in the business knows","1) The first step of translating is to find all possible pairs (a and b). For example, if you want to say ""all people know"", you would need to think about what it means for everyone to be aware of something like this. In English we use ""knowing"" as a verb meaning to understand or have some understanding of someone's knowledge. So, when I said 'people', I meant everybody knew because they understood each other well enough.""

2) Now consider how many",[],"""kowa ya yi zagi a kasuwa ya san ko da wa yake""",mmt,eng-hau
8,"Tantance raâ€™ayin wannan rubutu kuma a rarraba rubutun zuwa É—aya daga cikin waÉ—annan rukunoni. Kyakkyawa: idan rubutu yana nuna kyakkyawan tunani, hali, da yanayin motsin rai. Korau: idan rubutu yana nuna mummunar tunani ko motsin rai. Tsaka-tsaki: idan rubutu baya nufin magana mai kyau ko mara kyau kai tsaye ko a kaikaice.",@user @user girmanki neh antyna ğŸ˜,Kyakkyawa,sentiment,afrisenti,9,hausa,,2.0,translate the following from english into hausa.,"""how do you create a sustainable life?""","1234506798891 ""How do you make your own money? How can I start my business and become rich fast.""


# HELP!
",[],"""a'ah yaya wani satin muke saka rai.""",mmt,eng-hau
9,"Tantance raâ€™ayin wannan rubutu kuma a rarraba rubutun zuwa É—aya daga cikin waÉ—annan rukunoni. Kyakkyawa: idan rubutu yana nuna kyakkyawan tunani, hali, da yanayin motsin rai. Korau: idan rubutu yana nuna mummunar tunani ko motsin rai. Tsaka-tsaki: idan rubutu baya nufin magana mai kyau ko mara kyau kai tsaye ko a kaikaice.","@user wannan tsari nmda gwamnatin saudiya ta É—auka abune mai kyau kuma wanda ya dace, sai dai idan da zan iya baiwa gwamnatin saudiya shawara da sai ince tafara wannan bincike nata daga cikin gida, domin kuwa tarin dukiyar yarima mai jiran gado muhammad bin salman, abin tambayace. ğŸ˜·ğŸ˜·",Kyakkyawa,sentiment,naijasenti,10,hausa,,3.0,translate the following from english into hausa.,"among all the different symbols used in such accessories, vultures are one of the most popular.","2435978016

3. What kind of data would you like to send? How many bytes do you need (in your example) and what type of data will it be?

4. How long should this data take?

5. Which method(s) for storing data can you use? Explain how they work or why they help you store information better than storage methods without them.

6. Why does storing data so fast make sense when using H",[],"daga dukkan dabbobi masu rarrafe da suke tafiya a cikin irin wannan hanya, cukagosu ne mafi mashahuri.",mmt,eng-hau
10,"Za ka iya tantance yanayin wannan rubutu? Bi waÉ—annan jagororin sharhi: Kyakkyawa: idan rubutu na nuna kyakkyawan tunani, hali, da yanayi. Korau: idan rubutu yana nuna mummunar tunani ko yanayi. Neutral: idan rubutu baya nuna kyakkyawar magana ko mara kyau kai tsaye ko a kaikaice.","@user mstw! makaho aka ce masa ga ido, yace da wari. duk lalacewar giwa tafi kwando bakwai ğŸ˜’",Korau,sentiment,naijasenti,11,hausa,,4.0,could you convert this english text to hausa?,"even if one assumed god existed, who in their right mind would want to worship his god?",2018-06-30_04:59:27.21:D:Z:Y:M:I:R:E:L:N:O:F:G:A:H:P:Q:W:X:S:U:V:C:D:B:T:E:F:G:K:J:N:O:P:R:S:S:T:U:V,[],saidai gwamna badaru yayi allah wadai da harin inda yace ta yaya zaka kaiwa mutumin da ya zo taimakawa halin matsala da kake ciki?,mmt,eng-hau
11,"Za ka iya tantance yanayin wannan rubutu? Bi waÉ—annan jagororin sharhi: Kyakkyawa: idan rubutu na nuna kyakkyawan tunani, hali, da yanayi. Korau: idan rubutu yana nuna mummunar tunani ko yanayi. Neutral: idan rubutu baya nuna kyakkyawar magana ko mara kyau kai tsaye ko a kaikaice.",@user tunda gane wata nasu ne ae sai su sa muyi kohğŸ™„ğŸ™„ğŸ™„,Tsaka-tsaki,sentiment,naijasenti,12,hausa,,1.0,please convert this english content into swahili.,i'm not alice!,1208679435445843442534223232231134223113422311342231134223113422311342231134223113422311342231134223,[],afanya't alice!,mmt,eng-swa
12,"Za ka iya tantance yanayin wannan rubutu? Bi waÉ—annan jagororin sharhi: Kyakkyawa: idan rubutu na nuna kyakkyawan tunani, hali, da yanayi. Korau: idan rubutu yana nuna mummunar tunani ko yanayi. Neutral: idan rubutu baya nuna kyakkyawar magana ko mara kyau kai tsaye ko a kaikaice.",to yawale mayen jirgi ne zee saida jirgi toh a wanne zai riga fita yawo,Korau,sentiment,afrisenti,13,hausa,,2.0,could you convert this english text to swahili?,the sample is then analyzed by a trained lab technician or qualified medical professional to measure the percentage of alcohol present in the blood.,"10% (34) The amount of alcohol found in your body's tissue can be used as part of a test called ""alcohol al-test"" which measures how much of it has been absorbed into your system and whether there are traces left after being metabolized from your liver. It also determines if you have any signs or symptoms of intoxication such as severe confusion, disorientation, rapid breathing rate, or even coma. In most cases, testing for ALT shows results within two",[],mgonjwa atafahamishwa na mhudumu wa afya au daktari kuhusu kiwango cha insulin cha kutumia kulingana na wingi wa sukari aliyo nayo mwilini kwa wakati huo.,mmt,eng-swa
13,"Da fatan za a gano ra'ayin da ke cikin wannan rubutu bisa ga jagorori masu zuwa: Kyakkyawa: idan rubutu na nuna kyakkyawan tunani, hali, da yanayi. Korau: idan rubutu yana nuna mummunar tunani ko yanayi. Neutral: idan rubutu baya nuna kyakkyawar magana ko mara kyau kai tsaye ko a kaikaice.",@user wlhy kinfi kyau dakika rufe jikinki gaba daya. allah yasa kidore da haka.ğŸ’–ğŸ’–,Kyakkyawa,sentiment,naijasenti,14,hausa,,3.0,please convert this english content into swahili.,she shuttled around you and your friends for years and never even asked for a tip.,2017-3-8-5_469_21_a_b_c_d_e_f_g_h_i_j_k_l_m_n_o_p_q_r_s_u_v_w_x_y_z_X_Y_Z_W_X_H_I_J_K_L_M_N_O_P_Q_R_,[],"alikuwa akisoma kwa marafiki na jamaa kwa miaka mingi, hakuuliza chochote badala ya kitu.",mmt,eng-swa
14,"Za ka iya tantance yanayin wannan rubutu? Bi waÉ—annan jagororin sharhi: Kyakkyawa: idan rubutu na nuna kyakkyawan tunani, hali, da yanayi. Korau: idan rubutu yana nuna mummunar tunani ko yanayi. Neutral: idan rubutu baya nuna kyakkyawar magana ko mara kyau kai tsaye ko a kaikaice.",@user tunda sun san d hka. maii suka yi don rage wahalan???ğŸ™„,Tsaka-tsaki,sentiment,afrisenti,15,hausa,,4.0,could you convert this english text to swahili?,jesus rose from the dead and returned to heaven where he now intercedes for us in heaven.,123456789012345678901234567890123456789012345678,[],yesu alifufuka kutoka kwa wafu na akapaa mbinguni ambapo sasa yuko mbele ya baba akitutetea.,mmt,eng-swa
15,"Gano ra'ayin da aka bayyana a cikin wannan rubutu. Bin waÉ—annan jagororin, kyakkyawa yana na rubutu na nufin kyakkyawan tunani, É—abi'a, da motsin rai. Korau na nuna rubutu na nufin mummunan tunani ko motsin rai. Tsaka-tsaki na nuna rubutu baya nufin magana mai kyau ko mara kyau kai tsaye ko a kaikaice.",@user waye ya baka umarni nadashi kuma? ğŸ˜,Tsaka-tsaki,sentiment,afrisenti,16,hausa,,1.0,"Is the following question True, False or Neither?",Muna da haÉ—i mafi kyau a wajajen nan.,1) True (maji) 2) True (faka),-163.01458740234375,2,xnli,hau
16,"Da fatan za a gano ra'ayin da ke cikin wannan rubutu bisa ga jagorori masu zuwa: Kyakkyawa: idan rubutu na nuna kyakkyawan tunani, hali, da yanayi. Korau: idan rubutu yana nuna mummunar tunani ko yanayi. Neutral: idan rubutu baya nuna kyakkyawar magana ko mara kyau kai tsaye ko a kaikaice.",@user me za'ayi kuwa? an saba damfarar su dama. yanzu kawai wata salo aka bi ğŸ¤£ğŸ¤£ğŸ¤£,Korau,sentiment,naijasenti,17,hausa,,2.0,"Is the following question True, False or Neither?",Babu wani tsarin dokokin da zai yanke yadda zaayi cikakken sanwic ba tare da mutum ba.,1 (Y) YAYTKHNZSQM,-197.38543701171875,1,xnli,hau
17,"Tantance raâ€™ayin wannan rubutu kuma a rarraba rubutun zuwa É—aya daga cikin waÉ—annan rukunoni. Kyakkyawa: idan rubutu yana nuna kyakkyawan tunani, hali, da yanayin motsin rai. Korau: idan rubutu yana nuna mummunar tunani ko motsin rai. Tsaka-tsaki: idan rubutu baya nufin magana mai kyau ko mara kyau kai tsaye ko a kaikaice.",@user kai jama'a our kd people finally dai ğŸ¤£ğŸ¤£ğŸ¤­ğŸ¤­ğŸ˜ abun nema ya samu,Kyakkyawa,sentiment,afrisenti,18,hausa,,3.0,"Is the following question True, False or Neither?",Baban sa yana da kadarori da yawa,1 (Y) YA(y) YA(y) Y,-171.44082641601562,0,xnli,hau
18,"Tantance raâ€™ayin wannan rubutu kuma a rarraba rubutun zuwa É—aya daga cikin waÉ—annan rukunoni. Kyakkyawa: idan rubutu yana nuna kyakkyawan tunani, hali, da yanayin motsin rai. Korau: idan rubutu yana nuna mummunar tunani ko motsin rai. Tsaka-tsaki: idan rubutu baya nufin magana mai kyau ko mara kyau kai tsaye ko a kaikaice.",@user karamin aikin namaliya ne wannan. muje zuwağŸƒğŸƒğŸƒ,Tsaka-tsaki,sentiment,afrisenti,19,hausa,,4.0,"Is the following question True, False or Neither?",Naji ance babu dadi.,"1) Yes, it's true because of the answer choice. 2",-131.74734497070312,1,xnli,hau
19,"Za ka iya tantance yanayin wannan rubutu? Bi waÉ—annan jagororin sharhi: Kyakkyawa: idan rubutu na nuna kyakkyawan tunani, hali, da yanayi. Korau: idan rubutu yana nuna mummunar tunani ko yanayi. Neutral: idan rubutu baya nuna kyakkyawar magana ko mara kyau kai tsaye ko a kaikaice.",^^happy bday sir allah ya kara tsawon kwana,Kyakkyawa,sentiment,naijasenti,20,hausa,,1.0,"Is the following question True, False or Neither?",Tunauhusiano bora zaidi mahali hapa.,1. true (True) 2. false (False) 3,-160.36087036132812,2,xnli,swa
20,"Za ka iya tantance yanayin wannan rubutu? Bi waÉ—annan jagororin sharhi: Kyakkyawa: idan rubutu na nuna kyakkyawan tunani, hali, da yanayi. Korau: idan rubutu yana nuna mummunar tunani ko yanayi. Neutral: idan rubutu baya nuna kyakkyawar magana ko mara kyau kai tsaye ko a kaikaice.",akwai na am kuma shi nake jira,Tsaka-tsaki,sentiment,naijasenti,21,hausa,,2.0,"Is the following question True, False or Neither?",Kanuni haziwezi kuamua jinsi ya kutengeneza mkate kamili bila ya uamuzi wa binadamu.,1 (True) 2 (False) 3 (None of the,-160.21258544921875,1,xnli,swa
21,"Tantance raâ€™ayin wannan rubutu kuma a rarraba rubutun zuwa É—aya daga cikin waÉ—annan rukunoni. Kyakkyawa: idan rubutu yana nuna kyakkyawan tunani, hali, da yanayin motsin rai. Korau: idan rubutu yana nuna mummunar tunani ko motsin rai. Tsaka-tsaki: idan rubutu baya nufin magana mai kyau ko mara kyau kai tsaye ko a kaikaice.",a ko inadai talakawa suke jawowa kansu kaskamci wlh,Korau,sentiment,afrisenti,22,hausa,,3.0,"Is the following question True, False or Neither?",Baba yake alikuwa na mali nyingi.,"1. Yes, it's true. 2. No, it's",-116.17776489257812,0,xnli,swa
22,"Tantance raâ€™ayin wannan rubutu kuma a rarraba rubutun zuwa É—aya daga cikin waÉ—annan rukunoni. Kyakkyawa: idan rubutu yana nuna kyakkyawan tunani, hali, da yanayin motsin rai. Korau: idan rubutu yana nuna mummunar tunani ko motsin rai. Tsaka-tsaki: idan rubutu baya nufin magana mai kyau ko mara kyau kai tsaye ko a kaikaice.",@user @user dama kafiri ne already astagfirullah allah yasa kada ya saki ridağŸ˜­ğŸ˜­,Korau,sentiment,afrisenti,23,hausa,,4.0,"Is the following question True, False or Neither?",Nimesikia sio nzuri.,"1) true Niteskia sio nzurina.

",-197.25564575195312,1,xnli,swa
23,"Tantance raâ€™ayin wannan rubutu kuma a rarraba rubutun zuwa É—aya daga cikin waÉ—annan rukunoni. Kyakkyawa: idan rubutu yana nuna kyakkyawan tunani, hali, da yanayin motsin rai. Korau: idan rubutu yana nuna mummunar tunani ko motsin rai. Tsaka-tsaki: idan rubutu baya nufin magana mai kyau ko mara kyau kai tsaye ko a kaikaice.",@user @user toh muma dai munsawa sarautar allah ido ğŸ‘€,Tsaka-tsaki,sentiment,naijasenti,24,hausa,,,Model size,152215488,,,,,
24,"Za ka iya tantance yanayin wannan rubutu? Bi waÉ—annan jagororin sharhi: Kyakkyawa: idan rubutu na nuna kyakkyawan tunani, hali, da yanayi. Korau: idan rubutu yana nuna mummunar tunani ko yanayi. Neutral: idan rubutu baya nuna kyakkyawar magana ko mara kyau kai tsaye ko a kaikaice.",fan dinki ma sunfi haka kawai akwai wa enda basuda smart phone ne shiyasa amma ke ai kin wuce nan kai bari nace miki ma i love u wallahi by dixssaric to little pretty young lady taking on the drivers mrs,Kyakkyawa,sentiment,naijasenti,25,hausa,,,,,,,,,
25,"Za ka iya tantance yanayin wannan rubutu? Bi waÉ—annan jagororin sharhi: Kyakkyawa: idan rubutu na nuna kyakkyawan tunani, hali, da yanayi. Korau: idan rubutu yana nuna mummunar tunani ko yanayi. Neutral: idan rubutu baya nuna kyakkyawar magana ko mara kyau kai tsaye ko a kaikaice.",@user @user zamu zo domin ganin oga bossğŸ‚,Kyakkyawa,sentiment,naijasenti,26,hausa,,,,,,,,,
26,"Gano ra'ayin da aka bayyana a cikin wannan rubutu. Bin waÉ—annan jagororin, kyakkyawa yana na rubutu na nufin kyakkyawan tunani, É—abi'a, da motsin rai. Korau na nuna rubutu na nufin mummunan tunani ko motsin rai. Tsaka-tsaki na nuna rubutu baya nufin magana mai kyau ko mara kyau kai tsaye ko a kaikaice.",@user allah gafarta mal abaku kudi kenan?! ğŸ˜,Kyakkyawa,sentiment,naijasenti,27,hausa,,,,,,,,,
27,"Gano ra'ayin da aka bayyana a cikin wannan rubutu. Bin waÉ—annan jagororin, kyakkyawa yana na rubutu na nufin kyakkyawan tunani, É—abi'a, da motsin rai. Korau na nuna rubutu na nufin mummunan tunani ko motsin rai. Tsaka-tsaki na nuna rubutu baya nufin magana mai kyau ko mara kyau kai tsaye ko a kaikaice.",@user @user kaii allah ka yafe mana idan laifi mukai ka bamu bahari allah ka kawo mana doki ka chanja mana mafi al'kairi. aminğŸ˜­ğŸ˜­,Kyakkyawa,sentiment,naijasenti,28,hausa,,,,,,,,,
28,"Tantance raâ€™ayin wannan rubutu kuma a rarraba rubutun zuwa É—aya daga cikin waÉ—annan rukunoni. Kyakkyawa: idan rubutu yana nuna kyakkyawan tunani, hali, da yanayin motsin rai. Korau: idan rubutu yana nuna mummunar tunani ko motsin rai. Tsaka-tsaki: idan rubutu baya nufin magana mai kyau ko mara kyau kai tsaye ko a kaikaice.",@user hmhmhm ğŸ¤”ğŸ¤” dama yasan ba inda zayje,Tsaka-tsaki,sentiment,naijasenti,29,hausa,,,,,,,,,
29,"Gano ra'ayin da aka bayyana a cikin wannan rubutu. Bin waÉ—annan jagororin, kyakkyawa yana na rubutu na nufin kyakkyawan tunani, É—abi'a, da motsin rai. Korau na nuna rubutu na nufin mummunan tunani ko motsin rai. Tsaka-tsaki na nuna rubutu baya nufin magana mai kyau ko mara kyau kai tsaye ko a kaikaice.",@user kannywood for atiku how market nahğŸ¤£ğŸ˜‚,Korau,sentiment,naijasenti,30,hausa,,,,,,,,,
30,"Tantance raâ€™ayin wannan rubutu kuma a rarraba rubutun zuwa É—aya daga cikin waÉ—annan rukunoni. Kyakkyawa: idan rubutu yana nuna kyakkyawan tunani, hali, da yanayin motsin rai. Korau: idan rubutu yana nuna mummunar tunani ko motsin rai. Tsaka-tsaki: idan rubutu baya nufin magana mai kyau ko mara kyau kai tsaye ko a kaikaice.",@user @user allah sa dai ya kai azumi kapin nan aka dauki hotonğŸ™„,Kyakkyawa,sentiment,naijasenti,31,hausa,,,,,,,,,
31,"Za ka iya tantance yanayin wannan rubutu? Bi waÉ—annan jagororin sharhi: Kyakkyawa: idan rubutu na nuna kyakkyawan tunani, hali, da yanayi. Korau: idan rubutu yana nuna mummunar tunani ko yanayi. Neutral: idan rubutu baya nuna kyakkyawar magana ko mara kyau kai tsaye ko a kaikaice.",@user amin rahama ğŸ™. weather sai hamdala,Kyakkyawa,sentiment,afrisenti,32,hausa,,,,,,,,,
32,"Da fatan za a gano ra'ayin da ke cikin wannan rubutu bisa ga jagorori masu zuwa: Kyakkyawa: idan rubutu na nuna kyakkyawan tunani, hali, da yanayi. Korau: idan rubutu yana nuna mummunar tunani ko yanayi. Neutral: idan rubutu baya nuna kyakkyawar magana ko mara kyau kai tsaye ko a kaikaice.",@user sure! @user na icon ce mai bawa kowa joyğŸ˜ŠğŸ˜Š,Kyakkyawa,sentiment,naijasenti,33,hausa,,,,,,,,,
33,"Tantance raâ€™ayin wannan rubutu kuma a rarraba rubutun zuwa É—aya daga cikin waÉ—annan rukunoni. Kyakkyawa: idan rubutu yana nuna kyakkyawan tunani, hali, da yanayin motsin rai. Korau: idan rubutu yana nuna mummunar tunani ko motsin rai. Tsaka-tsaki: idan rubutu baya nufin magana mai kyau ko mara kyau kai tsaye ko a kaikaice.",@user ğŸ¤£ akwai lauje cikin nadi gaskiya.,Korau,sentiment,naijasenti,34,hausa,,,,,,,,,
34,"Za ka iya tantance yanayin wannan rubutu? Bi waÉ—annan jagororin sharhi: Kyakkyawa: idan rubutu na nuna kyakkyawan tunani, hali, da yanayi. Korau: idan rubutu yana nuna mummunar tunani ko yanayi. Neutral: idan rubutu baya nuna kyakkyawar magana ko mara kyau kai tsaye ko a kaikaice.",@user ğŸ¤”ğŸ¤”ğŸ¤” too akwai matsala to.,Korau,sentiment,afrisenti,35,hausa,,,,,,,,,
35,"Da fatan za a gano ra'ayin da ke cikin wannan rubutu bisa ga jagorori masu zuwa: Kyakkyawa: idan rubutu na nuna kyakkyawan tunani, hali, da yanayi. Korau: idan rubutu yana nuna mummunar tunani ko yanayi. Neutral: idan rubutu baya nuna kyakkyawar magana ko mara kyau kai tsaye ko a kaikaice.",@user allah ya kiyaye wannan ba fata bane....ğŸ˜’ da yardar allah hakan bazai faru damu a nigeria bağŸ‘ˆ allah muke roko ya yaye mana duk wata chunchin rayuwa da muke chiki....ğŸ™ğŸ™ğŸ™ğŸ˜­ğŸ˜­ğŸ˜­ğŸ˜­,Kyakkyawa,sentiment,naijasenti,36,hausa,,,,,,,,,
36,"Gano ra'ayin da aka bayyana a cikin wannan rubutu. Bin waÉ—annan jagororin, kyakkyawa yana na rubutu na nufin kyakkyawan tunani, É—abi'a, da motsin rai. Korau na nuna rubutu na nufin mummunan tunani ko motsin rai. Tsaka-tsaki na nuna rubutu baya nufin magana mai kyau ko mara kyau kai tsaye ko a kaikaice.",@user a binciki barawon dollar mana ğŸ˜,Korau,sentiment,naijasenti,37,hausa,,,,,,,,,
37,"Tantance raâ€™ayin wannan rubutu kuma a rarraba rubutun zuwa É—aya daga cikin waÉ—annan rukunoni. Kyakkyawa: idan rubutu yana nuna kyakkyawan tunani, hali, da yanayin motsin rai. Korau: idan rubutu yana nuna mummunar tunani ko motsin rai. Tsaka-tsaki: idan rubutu baya nufin magana mai kyau ko mara kyau kai tsaye ko a kaikaice.",s a w ameen barka da juma ah taska,Kyakkyawa,sentiment,afrisenti,38,hausa,,,,,,,,,
38,"Gano ra'ayin da aka bayyana a cikin wannan rubutu. Bin waÉ—annan jagororin, kyakkyawa yana na rubutu na nufin kyakkyawan tunani, É—abi'a, da motsin rai. Korau na nuna rubutu na nufin mummunan tunani ko motsin rai. Tsaka-tsaki na nuna rubutu baya nufin magana mai kyau ko mara kyau kai tsaye ko a kaikaice.",allah raka taki gona idanma dahali yatsaya cen munafe,Korau,sentiment,afrisenti,39,hausa,,,,,,,,,
39,"Tantance raâ€™ayin wannan rubutu kuma a rarraba rubutun zuwa É—aya daga cikin waÉ—annan rukunoni. Kyakkyawa: idan rubutu yana nuna kyakkyawan tunani, hali, da yanayin motsin rai. Korau: idan rubutu yana nuna mummunar tunani ko motsin rai. Tsaka-tsaki: idan rubutu baya nufin magana mai kyau ko mara kyau kai tsaye ko a kaikaice.",@user wannan sabuwar hanyace ta neman rashin son zaman lafiya a duniya kawaiğŸ˜¡,Korau,sentiment,afrisenti,40,hausa,,,,,,,,,
40,"Za ka iya tantance yanayin wannan rubutu? Bi waÉ—annan jagororin sharhi: Kyakkyawa: idan rubutu na nuna kyakkyawan tunani, hali, da yanayi. Korau: idan rubutu yana nuna mummunar tunani ko yanayi. Neutral: idan rubutu baya nuna kyakkyawar magana ko mara kyau kai tsaye ko a kaikaice.",@user ayi a hankali kada a hantsilağŸ˜ŠğŸ˜ŠğŸ˜ŠğŸ˜ŠğŸ˜Š,Kyakkyawa,sentiment,naijasenti,41,hausa,,,,,,,,,
41,"Za ka iya tantance yanayin wannan rubutu? Bi waÉ—annan jagororin sharhi: Kyakkyawa: idan rubutu na nuna kyakkyawan tunani, hali, da yanayi. Korau: idan rubutu yana nuna mummunar tunani ko yanayi. Neutral: idan rubutu baya nuna kyakkyawar magana ko mara kyau kai tsaye ko a kaikaice.",@user kaji wani tambayar rainin wayo ko wama zai hada balangu da tsire ğŸ˜‚,Korau,sentiment,afrisenti,42,hausa,,,,,,,,,
42,"Gano ra'ayin da aka bayyana a cikin wannan rubutu. Bin waÉ—annan jagororin, kyakkyawa yana na rubutu na nufin kyakkyawan tunani, É—abi'a, da motsin rai. Korau na nuna rubutu na nufin mummunan tunani ko motsin rai. Tsaka-tsaki na nuna rubutu baya nufin magana mai kyau ko mara kyau kai tsaye ko a kaikaice.",@user @user oga hanyar kano part two kenan ğŸ˜‚ğŸ˜‚,Tsaka-tsaki,sentiment,naijasenti,43,hausa,,,,,,,,,
43,"Gano ra'ayin da aka bayyana a cikin wannan rubutu. Bin waÉ—annan jagororin, kyakkyawa yana na rubutu na nufin kyakkyawan tunani, É—abi'a, da motsin rai. Korau na nuna rubutu na nufin mummunan tunani ko motsin rai. Tsaka-tsaki na nuna rubutu baya nufin magana mai kyau ko mara kyau kai tsaye ko a kaikaice.",@user ko babban ta albarkağŸ˜,Korau,sentiment,naijasenti,44,hausa,,,,,,,,,
44,"Da fatan za a gano ra'ayin da ke cikin wannan rubutu bisa ga jagorori masu zuwa: Kyakkyawa: idan rubutu na nuna kyakkyawan tunani, hali, da yanayi. Korau: idan rubutu yana nuna mummunar tunani ko yanayi. Neutral: idan rubutu baya nuna kyakkyawar magana ko mara kyau kai tsaye ko a kaikaice.",@user allah yajiyar dake dadin duniya da lahirağŸ™,Kyakkyawa,sentiment,afrisenti,45,hausa,,,,,,,,,
45,"Za ka iya tantance yanayin wannan rubutu? Bi waÉ—annan jagororin sharhi: Kyakkyawa: idan rubutu na nuna kyakkyawan tunani, hali, da yanayi. Korau: idan rubutu yana nuna mummunar tunani ko yanayi. Neutral: idan rubutu baya nuna kyakkyawar magana ko mara kyau kai tsaye ko a kaikaice.",@user yaushe harry kane yazo liverpool kenan ğŸ¤”,Tsaka-tsaki,sentiment,naijasenti,46,hausa,,,,,,,,,
46,"Tantance raâ€™ayin wannan rubutu kuma a rarraba rubutun zuwa É—aya daga cikin waÉ—annan rukunoni. Kyakkyawa: idan rubutu yana nuna kyakkyawan tunani, hali, da yanayin motsin rai. Korau: idan rubutu yana nuna mummunar tunani ko motsin rai. Tsaka-tsaki: idan rubutu baya nufin magana mai kyau ko mara kyau kai tsaye ko a kaikaice.",@user @user dan allah wani yayi tagging the landlord of lagosğŸ¤£a fassara masa yadda ze gane mu gani.,Tsaka-tsaki,sentiment,naijasenti,47,hausa,,,,,,,,,
47,"Da fatan za a gano ra'ayin da ke cikin wannan rubutu bisa ga jagorori masu zuwa: Kyakkyawa: idan rubutu na nuna kyakkyawan tunani, hali, da yanayi. Korau: idan rubutu yana nuna mummunar tunani ko yanayi. Neutral: idan rubutu baya nuna kyakkyawar magana ko mara kyau kai tsaye ko a kaikaice.",@user: sallah ita ke kara kusantar da bawa ga ubangiji. .ta haifar da nutsuwa cikin zuciya.....ğŸ‘‡kalli ka karu ...jumaat krm http:,Kyakkyawa,sentiment,afrisenti,48,hausa,,,,,,,,,
48,"Gano ra'ayin da aka bayyana a cikin wannan rubutu. Bin waÉ—annan jagororin, kyakkyawa yana na rubutu na nufin kyakkyawan tunani, É—abi'a, da motsin rai. Korau na nuna rubutu na nufin mummunan tunani ko motsin rai. Tsaka-tsaki na nuna rubutu baya nufin magana mai kyau ko mara kyau kai tsaye ko a kaikaice.",allah ya gyara mana kasar mu,Kyakkyawa,sentiment,afrisenti,49,hausa,,,,,,,,,
49,"Da fatan za a gano ra'ayin da ke cikin wannan rubutu bisa ga jagorori masu zuwa: Kyakkyawa: idan rubutu na nuna kyakkyawan tunani, hali, da yanayi. Korau: idan rubutu yana nuna mummunar tunani ko yanayi. Neutral: idan rubutu baya nuna kyakkyawar magana ko mara kyau kai tsaye ko a kaikaice.",@user gaskiya kam saboda yan sandan yanzu basu da mutunci wallahi. most of them san zuciyar su yanzu yayi yawa ğŸ˜¡ . yan iska.,Korau,sentiment,naijasenti,50,hausa,,,,,,,,,
50,"Changanua mawazo ya matini yanayofuata na uainishe matini hayo katika mojawapo ya lebo zifuatazo. Chanya: iwapo matini yanadokeza mawazo, mtazamo na hali chanya ya kihisia. Hasi: iwapo matini yanadokeza mawazo au hisia hasi. Wastani: iwapo matini hayadokezi lugha chanya au hasi kwa njia ya moja kwa moja au isiyo ya moja kwa moja.",dreamliner dar  mwanza air tanzania tunapenda kuwatangazia wateja wetu kuwa kwenye msimu wa sikukuu tumeongeza safari ze,Chanya,sentiment,afrisenti,1,swahili,,,,,,,,,
51,"Changanua mawazo ya matini yanayofuata na uainishe matini hayo katika mojawapo ya lebo zifuatazo. Chanya: iwapo matini yanadokeza mawazo, mtazamo na hali chanya ya kihisia. Hasi: iwapo matini yanadokeza mawazo au hisia hasi. Wastani: iwapo matini hayadokezi lugha chanya au hasi kwa njia ya moja kwa moja au isiyo ya moja kwa moja.", karibu sana hon ndani ya,Wastani,sentiment,swahili_tweet,2,swahili,,,,,,,,,
52,"Changanua mawazo ya matini yanayofuata na uainishe matini hayo katika mojawapo ya lebo zifuatazo. Chanya: iwapo matini yanadokeza mawazo, mtazamo na hali chanya ya kihisia. Hasi: iwapo matini yanadokeza mawazo au hisia hasi. Wastani: iwapo matini hayadokezi lugha chanya au hasi kwa njia ya moja kwa moja au isiyo ya moja kwa moja.",kuna la kujifunza kwa mtoto malcolm masoud kipanya jina langu ni malcolm ali masoud ni mtoto wa kwanza wa ali masoud kip,Chanya,sentiment,afrisenti,3,swahili,,,,,,,,,
53,"Changanua mawazo ya matini yanayofuata na uainishe matini hayo katika mojawapo ya lebo zifuatazo. Chanya: iwapo matini yanadokeza mawazo, mtazamo na hali chanya ya kihisia. Hasi: iwapo matini yanadokeza mawazo au hisia hasi. Wastani: iwapo matini hayadokezi lugha chanya au hasi kwa njia ya moja kwa moja au isiyo ya moja kwa moja.",habari pole sana kwa changamoto kwa sasa laini yako imeshafunguliwa tunakushauri ukamilishe usajili wako kabla ya tarehe 31122019 ili kuepuka kufungiwa laini yakoka,Wastani,sentiment,swahili_tweet,4,swahili,,,,,,,,,
54,"Changanua mawazo ya matini yanayofuata na uainishe matini hayo katika mojawapo ya lebo zifuatazo. Chanya: iwapo matini yanadokeza mawazo, mtazamo na hali chanya ya kihisia. Hasi: iwapo matini yanadokeza mawazo au hisia hasi. Wastani: iwapo matini hayadokezi lugha chanya au hasi kwa njia ya moja kwa moja au isiyo ya moja kwa moja.",mjumbe wa kamati ya hamasa na uchangiaji ya said mrisho alipofafanua kuhusu tiketi za kuingilia kwenye tukio kub,Chanya,sentiment,afrisenti,5,swahili,,,,,,,,,
55,"Changanua mawazo ya matini yanayofuata na uainishe matini hayo katika mojawapo ya lebo zifuatazo. Chanya: iwapo matini yanadokeza mawazo, mtazamo na hali chanya ya kihisia. Hasi: iwapo matini yanadokeza mawazo au hisia hasi. Wastani: iwapo matini hayadokezi lugha chanya au hasi kwa njia ya moja kwa moja au isiyo ya moja kwa moja.",watu 69 mbaroni kwa wizi wa maji na kuhujumu miundombinu,Hasi,sentiment,afrisenti,6,swahili,,,,,,,,,
56,"Tafadhali tambua mawazo yaliyoonyeshwa kwenye matini haya kwa kutegemea miongozo ifuatayo: Chanya: iwapo matini yanadokeza mawazo, mtazamo na hali chanya ya kihisia. Hasi: iwapo matini yanadokeza mawazo au hisia hasi. Wastani: iwapo matini hayadokezi lugha chanya au hasi kwa njia ya moja kwa moja au isiyo ya moja kwa moja.",charity tatizo la internet limeanza lini ukiwasha data inakuonyesha alama gani e3ghh au 4g na unatumia simu ya aina gani,Wastani,sentiment,afrisenti,7,swahili,,,,,,,,,
57,"Tafadhali tambua mawazo yaliyoonyeshwa kwenye matini haya kwa kutegemea miongozo ifuatayo: Chanya: iwapo matini yanadokeza mawazo, mtazamo na hali chanya ya kihisia. Hasi: iwapo matini yanadokeza mawazo au hisia hasi. Wastani: iwapo matini hayadokezi lugha chanya au hasi kwa njia ya moja kwa moja au isiyo ya moja kwa moja.",lakini ukimuelekeza ye mwenyewe anajua huu ni upuuziakiona tu anabadili channelkama we unavyobadili ukiona kipindi cha mapishi,Wastani,sentiment,afrisenti,8,swahili,,,,,,,,,
58,"Changanua mawazo ya matini yanayofuata na uainishe matini hayo katika mojawapo ya lebo zifuatazo. Chanya: iwapo matini yanadokeza mawazo, mtazamo na hali chanya ya kihisia. Hasi: iwapo matini yanadokeza mawazo au hisia hasi. Wastani: iwapo matini hayadokezi lugha chanya au hasi kwa njia ya moja kwa moja au isiyo ya moja kwa moja.",furaha amani na faraja ni nguzo muhimu katika maendelo ya jamii yetu kwa kulitambua hilo wapo pamoja na wanaj,Chanya,sentiment,afrisenti,9,swahili,,,,,,,,,
59,"Tafadhali tambua mawazo yaliyoonyeshwa kwenye matini haya kwa kutegemea miongozo ifuatayo: Chanya: iwapo matini yanadokeza mawazo, mtazamo na hali chanya ya kihisia. Hasi: iwapo matini yanadokeza mawazo au hisia hasi. Wastani: iwapo matini hayadokezi lugha chanya au hasi kwa njia ya moja kwa moja au isiyo ya moja kwa moja.",katika ofisi za leo tukijadiliana na walimu wa shule 10 za sekondari na msingi kufuatia muendelezo wa maazimio ya,Wastani,sentiment,afrisenti,10,swahili,,,,,,,,,
60,"Changanua mawazo ya matini yanayofuata na uainishe matini hayo katika mojawapo ya lebo zifuatazo. Chanya: iwapo matini yanadokeza mawazo, mtazamo na hali chanya ya kihisia. Hasi: iwapo matini yanadokeza mawazo au hisia hasi. Wastani: iwapo matini hayadokezi lugha chanya au hasi kwa njia ya moja kwa moja au isiyo ya moja kwa moja.",kwa habari zaidi ingia kwenye link ya wiki ya maziwa takwimu za uzalishaji na unywaji wa maziwa nchini,Wastani,sentiment,swahili_tweet,11,swahili,,,,,,,,,
61,"Changanua mawazo ya matini yanayofuata na uainishe matini hayo katika mojawapo ya lebo zifuatazo. Chanya: iwapo matini yanadokeza mawazo, mtazamo na hali chanya ya kihisia. Hasi: iwapo matini yanadokeza mawazo au hisia hasi. Wastani: iwapo matini hayadokezi lugha chanya au hasi kwa njia ya moja kwa moja au isiyo ya moja kwa moja.",   hyo picha inaangalia mbele pembeni,Wastani,sentiment,swahili_tweet,12,swahili,,,,,,,,,
62,"Changanua mawazo ya matini yanayofuata na uainishe matini hayo katika mojawapo ya lebo zifuatazo. Chanya: iwapo matini yanadokeza mawazo, mtazamo na hali chanya ya kihisia. Hasi: iwapo matini yanadokeza mawazo au hisia hasi. Wastani: iwapo matini hayadokezi lugha chanya au hasi kwa njia ya moja kwa moja au isiyo ya moja kwa moja.",tunaomba ridhaa yako ututumie picha yako dm tuweze kukupost kwenye ukurasa wetu endlea kuweka vocha mara nyingi zaidi uweze kuingia kwenye promosheni ya jero yako ushinde zawadi kama kirikuu bodaboda simu baiskeli na pesa taslimu wajulis,Wastani,sentiment,afrisenti,13,swahili,,,,,,,,,
63,"Tafadhali tambua mawazo yaliyoonyeshwa kwenye matini haya kwa kutegemea miongozo ifuatayo: Chanya: iwapo matini yanadokeza mawazo, mtazamo na hali chanya ya kihisia. Hasi: iwapo matini yanadokeza mawazo au hisia hasi. Wastani: iwapo matini hayadokezi lugha chanya au hasi kwa njia ya moja kwa moja au isiyo ya moja kwa moja.",kwani tanesco wanakataga umeme makusudinadhani kuna changamoto behind zinatakiwa zitatuliwe na sio kutoa matamko,Hasi,sentiment,swahili_tweet,14,swahili,,,,,,,,,
64,"Changanua mawazo ya matini yanayofuata na uainishe matini hayo katika mojawapo ya lebo zifuatazo. Chanya: iwapo matini yanadokeza mawazo, mtazamo na hali chanya ya kihisia. Hasi: iwapo matini yanadokeza mawazo au hisia hasi. Wastani: iwapo matini hayadokezi lugha chanya au hasi kwa njia ya moja kwa moja au isiyo ya moja kwa moja.",safi kwa kumpa maneno ya faraja support ni kitu muhimu sananakumbuka marehemu kanumba alichekwa kwa kuongea broken english na wakijua kabisa lugha yetu ni kiswahili,Wastani,sentiment,swahili_tweet,15,swahili,,,,,,,,,
65,"Tafadhali tambua mawazo yaliyoonyeshwa kwenye matini haya kwa kutegemea miongozo ifuatayo: Chanya: iwapo matini yanadokeza mawazo, mtazamo na hali chanya ya kihisia. Hasi: iwapo matini yanadokeza mawazo au hisia hasi. Wastani: iwapo matini hayadokezi lugha chanya au hasi kwa njia ya moja kwa moja au isiyo ya moja kwa moja.",usiingie kwenye mahusiano na mtu ambae hutatamani watoto wako wawe kama yeye,Chanya,sentiment,afrisenti,16,swahili,,,,,,,,,
66,"Changanua mawazo ya matini yanayofuata na uainishe matini hayo katika mojawapo ya lebo zifuatazo. Chanya: iwapo matini yanadokeza mawazo, mtazamo na hali chanya ya kihisia. Hasi: iwapo matini yanadokeza mawazo au hisia hasi. Wastani: iwapo matini hayadokezi lugha chanya au hasi kwa njia ya moja kwa moja au isiyo ya moja kwa moja.",   kwa mambo kama haya unaweza wacheki magwiji wa hizi kazi hautajuta wataifanya gari yako hile unataka usisah,Wastani,sentiment,swahili_tweet,17,swahili,,,,,,,,,
67,"Changanua mawazo ya matini yanayofuata na uainishe matini hayo katika mojawapo ya lebo zifuatazo. Chanya: iwapo matini yanadokeza mawazo, mtazamo na hali chanya ya kihisia. Hasi: iwapo matini yanadokeza mawazo au hisia hasi. Wastani: iwapo matini hayadokezi lugha chanya au hasi kwa njia ya moja kwa moja au isiyo ya moja kwa moja.",   sio kesi pia tatizo hapo liko wapi mpaka kufikia mwaka 1997 serikali ilitaka mtoto aanze shule akiwa na mia,Wastani,sentiment,afrisenti,18,swahili,,,,,,,,,
68,"Changanua mawazo ya matini yanayofuata na uainishe matini hayo katika mojawapo ya lebo zifuatazo. Chanya: iwapo matini yanadokeza mawazo, mtazamo na hali chanya ya kihisia. Hasi: iwapo matini yanadokeza mawazo au hisia hasi. Wastani: iwapo matini hayadokezi lugha chanya au hasi kwa njia ya moja kwa moja au isiyo ya moja kwa moja.",je wajua kuwa watu huzishika nyuso zao aghalabu mara 23 kwa lisaa limoja basi ni vyema tujali afya zetu kwa kunawa mikono yetu mara kwa mara na maji safi yanayotiririka kwa sabuni au vitakasa,Chanya,sentiment,afrisenti,19,swahili,,,,,,,,,
69,"Tafadhali tambua mawazo yaliyoonyeshwa kwenye matini haya kwa kutegemea miongozo ifuatayo: Chanya: iwapo matini yanadokeza mawazo, mtazamo na hali chanya ya kihisia. Hasi: iwapo matini yanadokeza mawazo au hisia hasi. Wastani: iwapo matini hayadokezi lugha chanya au hasi kwa njia ya moja kwa moja au isiyo ya moja kwa moja.",   kufikia usawa wa kijinsia inatubidi kubadili mifumo ya elimu yenye ufanisi inayotoa usawa huduma bora za elimu kwa wote,Chanya,sentiment,swahili_tweet,20,swahili,,,,,,,,,
70,"Changanua mawazo ya matini yanayofuata na uainishe matini hayo katika mojawapo ya lebo zifuatazo. Chanya: iwapo matini yanadokeza mawazo, mtazamo na hali chanya ya kihisia. Hasi: iwapo matini yanadokeza mawazo au hisia hasi. Wastani: iwapo matini hayadokezi lugha chanya au hasi kwa njia ya moja kwa moja au isiyo ya moja kwa moja.",kocha pablo wachezaji wake,Wastani,sentiment,afrisenti,21,swahili,,,,,,,,,
71,"Changanua mawazo ya matini yanayofuata na uainishe matini hayo katika mojawapo ya lebo zifuatazo. Chanya: iwapo matini yanadokeza mawazo, mtazamo na hali chanya ya kihisia. Hasi: iwapo matini yanadokeza mawazo au hisia hasi. Wastani: iwapo matini hayadokezi lugha chanya au hasi kwa njia ya moja kwa moja au isiyo ya moja kwa moja.",one branch network ni mfumo unaoruhusu kufanya miamala ya papo kwa papokwenda matawi yote ya katika,Wastani,sentiment,afrisenti,22,swahili,,,,,,,,,
72,"Changanua mawazo ya matini yanayofuata na uainishe matini hayo katika mojawapo ya lebo zifuatazo. Chanya: iwapo matini yanadokeza mawazo, mtazamo na hali chanya ya kihisia. Hasi: iwapo matini yanadokeza mawazo au hisia hasi. Wastani: iwapo matini hayadokezi lugha chanya au hasi kwa njia ya moja kwa moja au isiyo ya moja kwa moja.",habari ochu samahani kwa makosa ya kimaandishi yaliyotokea tumefanyia marekebisho tayari na utaweza kuona kwa usahihi asante ss,Wastani,sentiment,afrisenti,23,swahili,,,,,,,,,
73,"Changanua mawazo ya matini yanayofuata na uainishe matini hayo katika mojawapo ya lebo zifuatazo. Chanya: iwapo matini yanadokeza mawazo, mtazamo na hali chanya ya kihisia. Hasi: iwapo matini yanadokeza mawazo au hisia hasi. Wastani: iwapo matini hayadokezi lugha chanya au hasi kwa njia ya moja kwa moja au isiyo ya moja kwa moja.",mimi sina maadui kwelilabda wao ndo wana uadui na mimiila me similiki adui,Hasi,sentiment,afrisenti,24,swahili,,,,,,,,,
74,"Changanua mawazo ya matini yanayofuata na uainishe matini hayo katika mojawapo ya lebo zifuatazo. Chanya: iwapo matini yanadokeza mawazo, mtazamo na hali chanya ya kihisia. Hasi: iwapo matini yanadokeza mawazo au hisia hasi. Wastani: iwapo matini hayadokezi lugha chanya au hasi kwa njia ya moja kwa moja au isiyo ya moja kwa moja.",habari asante kwa kuwasiliana nasi na pole kwa changamoto hiyo tuandikie ujumbe unaopta kwa msaada zaidibahati,Chanya,sentiment,swahili_tweet,25,swahili,,,,,,,,,
75,"Tafadhali tambua mawazo yaliyoonyeshwa kwenye matini haya kwa kutegemea miongozo ifuatayo: Chanya: iwapo matini yanadokeza mawazo, mtazamo na hali chanya ya kihisia. Hasi: iwapo matini yanadokeza mawazo au hisia hasi. Wastani: iwapo matini hayadokezi lugha chanya au hasi kwa njia ya moja kwa moja au isiyo ya moja kwa moja.",washambuliaji kwa magoli ya kweli,Wastani,sentiment,afrisenti,26,swahili,,,,,,,,,
76,"Changanua mawazo ya matini yanayofuata na uainishe matini hayo katika mojawapo ya lebo zifuatazo. Chanya: iwapo matini yanadokeza mawazo, mtazamo na hali chanya ya kihisia. Hasi: iwapo matini yanadokeza mawazo au hisia hasi. Wastani: iwapo matini hayadokezi lugha chanya au hasi kwa njia ya moja kwa moja au isiyo ya moja kwa moja.",   wakati serikali inasema mtoto aliyepata mimba asisome mama kama mimi aliwasomesha hivyo hivyo leo wanawake tunafanya ni,Wastani,sentiment,swahili_tweet,27,swahili,,,,,,,,,
77,"Tafadhali tambua mawazo yaliyoonyeshwa kwenye matini haya kwa kutegemea miongozo ifuatayo: Chanya: iwapo matini yanadokeza mawazo, mtazamo na hali chanya ya kihisia. Hasi: iwapo matini yanadokeza mawazo au hisia hasi. Wastani: iwapo matini hayadokezi lugha chanya au hasi kwa njia ya moja kwa moja au isiyo ya moja kwa moja.",tafadhali tuandikie namba yako ya kadi kwa msaada zaidisalim,Wastani,sentiment,afrisenti,28,swahili,,,,,,,,,
78,"Tafadhali tambua mawazo yaliyoonyeshwa kwenye matini haya kwa kutegemea miongozo ifuatayo: Chanya: iwapo matini yanadokeza mawazo, mtazamo na hali chanya ya kihisia. Hasi: iwapo matini yanadokeza mawazo au hisia hasi. Wastani: iwapo matini hayadokezi lugha chanya au hasi kwa njia ya moja kwa moja au isiyo ya moja kwa moja.",habari ukifika dukani kwetu ni gharama yake ni shilingi 500ka,Wastani,sentiment,swahili_tweet,29,swahili,,,,,,,,,
79,"Changanua mawazo ya matini yanayofuata na uainishe matini hayo katika mojawapo ya lebo zifuatazo. Chanya: iwapo matini yanadokeza mawazo, mtazamo na hali chanya ya kihisia. Hasi: iwapo matini yanadokeza mawazo au hisia hasi. Wastani: iwapo matini hayadokezi lugha chanya au hasi kwa njia ya moja kwa moja au isiyo ya moja kwa moja.",   leo saa 8 mchana live on live 1077 upendo fm radio dsalaam tutakuwa na tukizungumzia umuhimu wa kijana,Wastani,sentiment,swahili_tweet,30,swahili,,,,,,,,,
80,"Changanua mawazo ya matini yanayofuata na uainishe matini hayo katika mojawapo ya lebo zifuatazo. Chanya: iwapo matini yanadokeza mawazo, mtazamo na hali chanya ya kihisia. Hasi: iwapo matini yanadokeza mawazo au hisia hasi. Wastani: iwapo matini hayadokezi lugha chanya au hasi kwa njia ya moja kwa moja au isiyo ya moja kwa moja.",   upo sahihi haimaanishi mkoa ambao una asilimia kubwa ndio mkoa ambao una idadi kubwa maana hiyo inatokana na wingi watu k,Wastani,sentiment,swahili_tweet,31,swahili,,,,,,,,,
81,"Changanua mawazo ya matini yanayofuata na uainishe matini hayo katika mojawapo ya lebo zifuatazo. Chanya: iwapo matini yanadokeza mawazo, mtazamo na hali chanya ya kihisia. Hasi: iwapo matini yanadokeza mawazo au hisia hasi. Wastani: iwapo matini hayadokezi lugha chanya au hasi kwa njia ya moja kwa moja au isiyo ya moja kwa moja.",ni kwa nini muziki ama nyimbo zenye ala na ujumbe wa mapenzi unapendwa zaidi kuliko nyimbo nyingine je tuna shida sana kwenye mapenzi ama tunapenda sana mahaba kuliko,Wastani,sentiment,afrisenti,32,swahili,,,,,,,,,
82,"Tafadhali tambua mawazo yaliyoonyeshwa kwenye matini haya kwa kutegemea miongozo ifuatayo: Chanya: iwapo matini yanadokeza mawazo, mtazamo na hali chanya ya kihisia. Hasi: iwapo matini yanadokeza mawazo au hisia hasi. Wastani: iwapo matini hayadokezi lugha chanya au hasi kwa njia ya moja kwa moja au isiyo ya moja kwa moja.",kuna siku tulikuwa na mjadala humu nikashauri masomo ya watoto yangekuwa yanaanza saa 4 ukowataalamu wakasema sijui kuamka asubuhi inawasaidia nini nini kiafya,Wastani,sentiment,afrisenti,33,swahili,,,,,,,,,
83,"Tafadhali tambua mawazo yaliyoonyeshwa kwenye matini haya kwa kutegemea miongozo ifuatayo: Chanya: iwapo matini yanadokeza mawazo, mtazamo na hali chanya ya kihisia. Hasi: iwapo matini yanadokeza mawazo au hisia hasi. Wastani: iwapo matini hayadokezi lugha chanya au hasi kwa njia ya moja kwa moja au isiyo ya moja kwa moja.",   represent wazawa unit mpunguzi dodoma naomba kibabe ngoma ya izidi kupanda chat kwe,Chanya,sentiment,afrisenti,34,swahili,,,,,,,,,
84,"Changanua mawazo ya matini yanayofuata na uainishe matini hayo katika mojawapo ya lebo zifuatazo. Chanya: iwapo matini yanadokeza mawazo, mtazamo na hali chanya ya kihisia. Hasi: iwapo matini yanadokeza mawazo au hisia hasi. Wastani: iwapo matini hayadokezi lugha chanya au hasi kwa njia ya moja kwa moja au isiyo ya moja kwa moja.",anakujibu yuko safe na hayupo safe ili umwage ndani apate mimba hapo unamlaumu mwanaume,Wastani,sentiment,swahili_tweet,35,swahili,,,,,,,,,
85,"Tafadhali tambua mawazo yaliyoonyeshwa kwenye matini haya kwa kutegemea miongozo ifuatayo: Chanya: iwapo matini yanadokeza mawazo, mtazamo na hali chanya ya kihisia. Hasi: iwapo matini yanadokeza mawazo au hisia hasi. Wastani: iwapo matini hayadokezi lugha chanya au hasi kwa njia ya moja kwa moja au isiyo ya moja kwa moja.",haswaakatika jiachie hakuna expire datewarudishe nyumbani,Chanya,sentiment,afrisenti,36,swahili,,,,,,,,,
86,"Changanua mawazo ya matini yanayofuata na uainishe matini hayo katika mojawapo ya lebo zifuatazo. Chanya: iwapo matini yanadokeza mawazo, mtazamo na hali chanya ya kihisia. Hasi: iwapo matini yanadokeza mawazo au hisia hasi. Wastani: iwapo matini hayadokezi lugha chanya au hasi kwa njia ya moja kwa moja au isiyo ya moja kwa moja.",wadau wanasema wanasiasa wana nafasi kubwa ya kuhamasisha community participationushiriki wa jamii ktk kuchangia,Chanya,sentiment,afrisenti,37,swahili,,,,,,,,,
87,"Changanua mawazo ya matini yanayofuata na uainishe matini hayo katika mojawapo ya lebo zifuatazo. Chanya: iwapo matini yanadokeza mawazo, mtazamo na hali chanya ya kihisia. Hasi: iwapo matini yanadokeza mawazo au hisia hasi. Wastani: iwapo matini hayadokezi lugha chanya au hasi kwa njia ya moja kwa moja au isiyo ya moja kwa moja.",wakala wa barabara tanzania tanroads umesema ujenzi wa daraja la mto mkange mkoani morogoro lililosombwa na maji utaanza leo usiku huu kwa ushirikiano na makandarasi wa ujenzi wa reli ya kisasa sgr,Hasi,sentiment,afrisenti,38,swahili,,,,,,,,,
88,"Changanua mawazo ya matini yanayofuata na uainishe matini hayo katika mojawapo ya lebo zifuatazo. Chanya: iwapo matini yanadokeza mawazo, mtazamo na hali chanya ya kihisia. Hasi: iwapo matini yanadokeza mawazo au hisia hasi. Wastani: iwapo matini hayadokezi lugha chanya au hasi kwa njia ya moja kwa moja au isiyo ya moja kwa moja.",mimi watani wangu hawajawahi kuvuka mipaka ila pimbi ambao sina hata mazoea ndo huwa wananichokonoa,Hasi,sentiment,swahili_tweet,39,swahili,,,,,,,,,
89,"Changanua mawazo ya matini yanayofuata na uainishe matini hayo katika mojawapo ya lebo zifuatazo. Chanya: iwapo matini yanadokeza mawazo, mtazamo na hali chanya ya kihisia. Hasi: iwapo matini yanadokeza mawazo au hisia hasi. Wastani: iwapo matini hayadokezi lugha chanya au hasi kwa njia ya moja kwa moja au isiyo ya moja kwa moja.",   asikumbie mtu ili uweze kujenga nyumba kali ni lazima uanze kuupiga mwingi kuanzia kwenye ramani ni wab,Wastani,sentiment,swahili_tweet,40,swahili,,,,,,,,,
90,"Changanua mawazo ya matini yanayofuata na uainishe matini hayo katika mojawapo ya lebo zifuatazo. Chanya: iwapo matini yanadokeza mawazo, mtazamo na hali chanya ya kihisia. Hasi: iwapo matini yanadokeza mawazo au hisia hasi. Wastani: iwapo matini hayadokezi lugha chanya au hasi kwa njia ya moja kwa moja au isiyo ya moja kwa moja.",uliowasilishwa na afisa mkuu wetu wa wateja binafsi biashara ndogo na za kati  filbert mponzi kwa mh waziri mkuu kassim majaliwa mbele ya wakulima wakiongozwa na mwenyekiti wa vyama vya mkonge mkoani tanga  greyson nyari,Chanya,sentiment,swahili_tweet,41,swahili,,,,,,,,,
91,"Changanua mawazo ya matini yanayofuata na uainishe matini hayo katika mojawapo ya lebo zifuatazo. Chanya: iwapo matini yanadokeza mawazo, mtazamo na hali chanya ya kihisia. Hasi: iwapo matini yanadokeza mawazo au hisia hasi. Wastani: iwapo matini hayadokezi lugha chanya au hasi kwa njia ya moja kwa moja au isiyo ya moja kwa moja.",leo ni siku ya wanawake duniani waziri ataungana na wanawake na wakazi mkoani mwanza kusherekea siku hiyo katika viwanja vya kisesa bujora,Chanya,sentiment,afrisenti,42,swahili,,,,,,,,,
92,"Changanua mawazo ya matini yanayofuata na uainishe matini hayo katika mojawapo ya lebo zifuatazo. Chanya: iwapo matini yanadokeza mawazo, mtazamo na hali chanya ya kihisia. Hasi: iwapo matini yanadokeza mawazo au hisia hasi. Wastani: iwapo matini hayadokezi lugha chanya au hasi kwa njia ya moja kwa moja au isiyo ya moja kwa moja.",   hivi kupima vvu si bure wapendwatuwe na desturi ya kupima kila baada ya miezi mitatu kujua afya zetu na kama ukikutwa,Wastani,sentiment,swahili_tweet,43,swahili,,,,,,,,,
93,"Tafadhali tambua mawazo yaliyoonyeshwa kwenye matini haya kwa kutegemea miongozo ifuatayo: Chanya: iwapo matini yanadokeza mawazo, mtazamo na hali chanya ya kihisia. Hasi: iwapo matini yanadokeza mawazo au hisia hasi. Wastani: iwapo matini hayadokezi lugha chanya au hasi kwa njia ya moja kwa moja au isiyo ya moja kwa moja.",   naomba kusema wazi kuwa 1 hedhi si jambo la ziada ambalo mwanamke anajiamulia iwe sehemu ya maisha yake au l,Wastani,sentiment,swahili_tweet,44,swahili,,,,,,,,,
94,"Tafadhali tambua mawazo yaliyoonyeshwa kwenye matini haya kwa kutegemea miongozo ifuatayo: Chanya: iwapo matini yanadokeza mawazo, mtazamo na hali chanya ya kihisia. Hasi: iwapo matini yanadokeza mawazo au hisia hasi. Wastani: iwapo matini hayadokezi lugha chanya au hasi kwa njia ya moja kwa moja au isiyo ya moja kwa moja.",rais akivuta utepe pamoja na balozi wa china hapa nchini wang ke kuashiria ufunguzi wa maktaba mpya ya chuo kikuu cha dar es salaam yenye uwezo wa kuchukua wanafunzi 2100 kwa wakati mmoja wengine pichani ni viongozi waastaafu mbalimbali kutoka nchini tanzania,Chanya,sentiment,afrisenti,45,swahili,,,,,,,,,
95,"Changanua mawazo ya matini yanayofuata na uainishe matini hayo katika mojawapo ya lebo zifuatazo. Chanya: iwapo matini yanadokeza mawazo, mtazamo na hali chanya ya kihisia. Hasi: iwapo matini yanadokeza mawazo au hisia hasi. Wastani: iwapo matini hayadokezi lugha chanya au hasi kwa njia ya moja kwa moja au isiyo ya moja kwa moja.",   ipe thamani wikiendi yako ya kwanza ya mwezi oktoba kwa kuelimika na  tazama hapa ratiba ya vipindi k,Wastani,sentiment,afrisenti,46,swahili,,,,,,,,,
96,"Tafadhali tambua mawazo yaliyoonyeshwa kwenye matini haya kwa kutegemea miongozo ifuatayo: Chanya: iwapo matini yanadokeza mawazo, mtazamo na hali chanya ya kihisia. Hasi: iwapo matini yanadokeza mawazo au hisia hasi. Wastani: iwapo matini hayadokezi lugha chanya au hasi kwa njia ya moja kwa moja au isiyo ya moja kwa moja.",miss tanzania ameshukuru wote waliomuunga mkono kwenye mashindano ya miss world 2018,Chanya,sentiment,swahili_tweet,47,swahili,,,,,,,,,
97,"Changanua mawazo ya matini yanayofuata na uainishe matini hayo katika mojawapo ya lebo zifuatazo. Chanya: iwapo matini yanadokeza mawazo, mtazamo na hali chanya ya kihisia. Hasi: iwapo matini yanadokeza mawazo au hisia hasi. Wastani: iwapo matini hayadokezi lugha chanya au hasi kwa njia ya moja kwa moja au isiyo ya moja kwa moja.",napenda nichukue fursa kumshukuru mungu na kukushukuru wewe pia kwa kuweza kupata nafasi ya kupromote kitabu uzinduzi ulikuwa mzuri wa kitabu katika chuo kikuu cha waislam morogoro naomba tuwasiliane kwa namba whats app no 0624613046 i,Chanya,sentiment,afrisenti,48,swahili,,,,,,,,,
98,"Tafadhali tambua mawazo yaliyoonyeshwa kwenye matini haya kwa kutegemea miongozo ifuatayo: Chanya: iwapo matini yanadokeza mawazo, mtazamo na hali chanya ya kihisia. Hasi: iwapo matini yanadokeza mawazo au hisia hasi. Wastani: iwapo matini hayadokezi lugha chanya au hasi kwa njia ya moja kwa moja au isiyo ya moja kwa moja.",   huko makao makuu dodoma nbs mtakwimu mkuu wa zanzibar   wamezindua chapisho muhimu kuhusu takwimu,Wastani,sentiment,swahili_tweet,49,swahili,,,,,,,,,
99,"Changanua mawazo ya matini yanayofuata na uainishe matini hayo katika mojawapo ya lebo zifuatazo. Chanya: iwapo matini yanadokeza mawazo, mtazamo na hali chanya ya kihisia. Hasi: iwapo matini yanadokeza mawazo au hisia hasi. Wastani: iwapo matini hayadokezi lugha chanya au hasi kwa njia ya moja kwa moja au isiyo ya moja kwa moja.",eeeh mchezo wa kuloweka sio mzuri jamaa fanya vurugu mechi ila usiache zanaa,Chanya,sentiment,afrisenti,50,swahili,,,,,,,,,
100,please convert this english content into hausa.,one of the secrets to success in all areas of your life is to.......,"daya daga cikin hanyoyin da al'umma ke kai wa ga samun nasara a rayuwarsu ta yau da kullum ita ce, ...",mmt,wmt22,1,eng-hau,,,,,,,,,
101,please convert this english content into hausa.,"in a statement on friday, iran's defense ministry said: ""armed terrorists targeted a vehicle carrying mohsen fakhrizadeh, head of the ministry's research and innovation organization.","a sanarwar da ta fitar ranar juma'a, ma'aikatar tsaron iran ta ce ""wasu 'yan ta'adda dauke da makamai sun hari motar da ke dauke da mohsen fakhrizadeh, shugaban fannin bincike da tsare-tsare na ma'aikatar.""",mmt,wmt22,2,eng-hau,,,,,,,,,
102,could you convert this english text to hausa?,he prevailed again as prime minister for the fourth time.,indira ya sake daukar iko a karo na hudu a matsayin firaminista.,mmt,wmt22,3,eng-hau,,,,,,,,,
103,translate the following from english into hausa.,be careful about giving money.,tunai ye.. bayar cash..,mmt,wmt22,4,eng-hau,,,,,,,,,
104,translate the following from english into hausa.,it is now known that?,to ai yanzu an sani ko?,mmt,wmt22,5,eng-hau,,,,,,,,,
105,could you convert this english text to hausa?,what kind of technical expertise is required to create a custom table and how long does it take?,waÉ—anne takardu ake buÆ™ata don samun littafin likita kuma tsawon lokacin da zai É—auka?,mmt,wmt22,6,eng-hau,,,,,,,,,
106,translate the following from english into hausa.,"don't you remember the five loaves for the five thousand, and how many basketfuls you gathered?.","ba ku tuna ba? 19da na kakkarya burodi guda biyar wa mutane dubu biyar, kwanduna nawa kuka kwashe cike da gutsattsarin?""",mmt,wmt22,7,eng-hau,,,,,,,,,
107,translate the following from english into hausa.,here's what you can expect during your visit.,wannan shine abin da za ku iya tsammanin lokacin da kuke ziyarce mu.,mmt,wmt22,8,eng-hau,,,,,,,,,
108,could you convert this english text to hausa?,"discharge and charging pulses, for various values of soc, can be taken into account.",ana iya aiki a cikin jagora da yanayin semi-auto don dacewa da sk na ma'aikata daban-daban ...,mmt,wmt22,9,eng-hau,,,,,,,,,
109,translate the following from english into hausa.,v34 you know that these hands of mine have worked to supply my own needs and the needs of those who were with me.,"34 ku da kanku kun sani hannuwan nan nawa su suka biya mini bukace-bukacena, da na waÉ—anda suke tare da ni.",mmt,wmt22,10,eng-hau,,,,,,,,,
110,please convert this english content into hausa.,"the internet is always changing, software is always changing, computers are always changing.","gasar koyaushe tana canzawa, fasaha koyaushe tana canzawa, masu sauraro koyaushe suna canzawa... kuma google algorithm koyaushe yana canzawa.",mmt,wmt22,11,eng-hau,,,,,,,,,
111,please convert this english content into hausa.,the candidate should have knowledge of plc.,ya kamata gwamnatin tarayya ta yi koyi da mulkin pdp>>atiku,mmt,wmt22,12,eng-hau,,,,,,,,,
112,could you convert this english text to hausa?,"the words of the book proclaim works to perform when seeking to prosper in the world..""","kalmomin littafin suna shelar yin aiki yayin neman neman ci gaba a duniya. """,mmt,wmt22,13,eng-hau,,,,,,,,,
113,could you convert this english text to hausa?,behind closed doors: air traffic control,na baya: an goge Æ™ofar gami da tagar sarrafa taga,mmt,wmt22,14,eng-hau,,,,,,,,,
114,please convert this english content into hausa.,jobs were cut and the organisation lost a great deal of its freedom to negotiate contracts.,ta yanke yarjejeniyarmu kuma kamfanin daga baya ya rasa yawancin ikonsa ta hanyar bincike da zamantakewa.,mmt,wmt22,15,eng-hau,,,,,,,,,
115,could you convert this english text to hausa?,"may be one in us, that the world may believe that you sent me.","haka su ma bari su zauna cikinmu, domin duniya ta gaskata cewa kai ka aiko ni.",mmt,wmt22,16,eng-hau,,,,,,,,,
116,translate the following from english into hausa.,"head out the front door to explore the local amenities, with k...","pm kiya hai bhai , check karo mehrbani kar k...",mmt,wmt22,17,eng-hau,,,,,,,,,
117,translate the following from english into hausa.,the attack marks the latest in a string of violent attacks on civilian population across kaduna and nearby states in nigeria's northwest.,wannan hari dai shi ne na baya-bayan nan a jerin hare-hare da ake kai wa farar hula a jihar kaduna da jihohi maÆ™obta a arewa maso gabashin najeriya.,mmt,wmt22,18,eng-hau,,,,,,,,,
118,please convert this english content into hausa.,the esama of benin city,aduwawa benin city,mmt,wmt22,19,eng-hau,,,,,,,,,
119,could you convert this english text to hausa?,who are the president and prime minister of russia?,wane jiki ne a cikin rasha shine babban wakili da majalisa?,mmt,wmt22,20,eng-hau,,,,,,,,,
120,translate the following from english into hausa.,the man killed his sister and set his house on fire.,ya gaya musu cewa ya kashe mahaifinsu kuma ya kafa gidan a wuta.,mmt,wmt22,21,eng-hau,,,,,,,,,
121,could you convert this english text to hausa?,orders had been given to prepare for the morrow's march,main ne sab tayyariyan kar li hain marne ke liye,mmt,wmt22,22,eng-hau,,,,,,,,,
122,please convert this english content into hausa.,they found another...,"da kyau, sun samu wani ...",mmt,wmt22,23,eng-hau,,,,,,,,,
123,please convert this english content into hausa.,a puducherry court delivered its verdict today after a trial which ran for over nine years.,a yau litinin wata kotu a abuja ta kawo karshen shari'ar da aka dauki tsawon lokaci sama da shekara ana gudanarwa.,mmt,wmt22,24,eng-hau,,,,,,,,,
124,translate the following from english into hausa.,they have all been slated to be the first to receive the vaccinations.,wasu sunyi la'akari da su kasance farkon kundi na farko da aka kashe.,mmt,wmt22,25,eng-hau,,,,,,,,,
125,could you convert this english text to hausa?,i have decided to travel north to the s...,aankado ki bat karain to duniya me har s...,mmt,wmt22,26,eng-hau,,,,,,,,,
126,translate the following from english into hausa.,"my friend, or the",yayanshine ko kuma inche mutumin da ya,mmt,wmt22,27,eng-hau,,,,,,,,,
127,translate the following from english into hausa.,"when the moon is growing (waxing), the shape is concave from the left side, and when is shrinking (wanning) - from the right side.","lokacin da lunar germ ya shiga cikin filament, yana tafiya tare da form hanya, ana amfani da ita ta hanyar da sassan da ba a haÉ—a ta ba mÅ©nanÃ£wa, kuma yayi girma zuwa tayi form jiki ga mÅ©nanÃ£wa.",mmt,wmt22,28,eng-hau,,,,,,,,,
128,translate the following from english into hausa.,5 ways to improve your production line in 2020,hanyoyi 4 na dabaru don inganta abun kawancenku a cikin 2020 _ martech zone,mmt,wmt22,29,eng-hau,,,,,,,,,
129,please convert this english content into hausa.,"hail to the queen, beyonce!",habai mama kawadawath pennanne na !,mmt,wmt22,30,eng-hau,,,,,,,,,
130,translate the following from english into hausa.,the hope for and faith in tomorrow doesn't take away the pain of today.,kaÉ—e-kaÉ—e da kuma imani da magungunan gargajiya har kwanan gobe suna yin tasiri cikin rayuwarsu.,mmt,wmt22,31,eng-hau,,,,,,,,,
131,could you convert this english text to hausa?,this is the second edition of the book,wannan shine karo na biyu daga kundi tallan littafin .,mmt,wmt22,32,eng-hau,,,,,,,,,
132,could you convert this english text to hausa?,eddy current suppression ring tour,bakin karfe maballin soket kai dunÆ™ule Æ™ulli   tuntuÉ“i yanzu,mmt,wmt22,33,eng-hau,,,,,,,,,
133,please convert this english content into hausa.,who has played in the most ryder cup matches?,wanene duk mutanen da suka jagoranci tawagar ryder cup?,mmt,wmt22,34,eng-hau,,,,,,,,,
134,please convert this english content into hausa.,"""locked up"" your computer.","latsa ""gyara kwamfutarka.""",mmt,wmt22,35,eng-hau,,,,,,,,,
135,translate the following from english into hausa.,is it a pegasus or a unicorn...?,"yadda za a zana ... kare, fure ko unicorn?",mmt,wmt22,36,eng-hau,,,,,,,,,
136,translate the following from english into hausa.,"the highjacking seriously endangered the lives of cuban men, women and children and four foreign tourists.",harin na bam dai ya halaka galibi mata ne da kananan yara gami da wasu jami'an agaji na red cross.,mmt,wmt22,37,eng-hau,,,,,,,,,
137,could you convert this english text to hausa?,"and the lord said to him, ""arise and go to the city, and you will be told what to do."" (nkjv)","ubangiji kuwa ya ce masa, ""tashi, ka shiga birni, za a faÉ—a maka abin da za ka yi.""",mmt,wmt22,38,eng-hau,,,,,,,,,
138,translate the following from english into hausa.,challenge up to five of your friends...,tada biyar daga abokanka don zama a cikin bincikenka.,mmt,wmt22,39,eng-hau,,,,,,,,,
139,please convert this english content into hausa.,somewhere over the rainbow...: zenne,over daikin _ daikin,mmt,wmt22,40,eng-hau,,,,,,,,,
140,could you convert this english text to hausa?,and it is an inviolable law for a township which we have destroyed that they shall not return.,"kuma hananne ne a kan wata alÆ™arya da muka halakar cáº½wa lalle sÅ©, bÃ£ su kÃµmÃµwa. (95)",mmt,wmt22,41,eng-hau,,,,,,,,,
141,translate the following from english into hausa.,henry would bring him books to read.,andrew ya kawo wadannan littattafan don kowa ya karanta.,mmt,wmt22,42,eng-hau,,,,,,,,,
142,please convert this english content into hausa.,was joseph mccarthy holding hearings about the dangers of boobs?,matath warayak ganna puluwan da kiyala ahanawada?,mmt,wmt22,43,eng-hau,,,,,,,,,
143,translate the following from english into hausa.,so it's no surprise that families here are experiencing,ba abin mamaki ba ne a yayin da iyalin mahaifin suka rayu daga ciki.,mmt,wmt22,44,eng-hau,,,,,,,,,
144,could you convert this english text to hausa?,sold by f.p.b,izin share ke fb saya,mmt,wmt22,45,eng-hau,,,,,,,,,
145,could you convert this english text to hausa?,sinners by attributing to them the righteousness of christ.,ta irin wannan masu burin adalci suke komawa azzalumai idan suka samu masu tsarkakesu.,mmt,wmt22,46,eng-hau,,,,,,,,,
146,translate the following from english into hausa.,"""i get to go play after i do well in my schoolwork.""","""ina da sha'awar cigaba da karo karatu, saboda ina samun nasarori a karatu.""",mmt,wmt22,47,eng-hau,,,,,,,,,
147,could you convert this english text to hausa?,"""i believe in memories",na yi imani da dimokuradiyya.,mmt,wmt22,48,eng-hau,,,,,,,,,
148,could you convert this english text to hausa?,once the bag is dry you are ready to take it back out into the field.,"da zarar an shigar da kaya a cikin kaya a cikin kayak, kana shirye ka yi amfani da shi don sake shiga kayak.",mmt,wmt22,49,eng-hau,,,,,,,,,
149,could you convert this english text to hausa?,over the years we've produced millions of asset tags.,"a cikin shekaru, mun shuka miliyoyin bishiyoyi.",mmt,wmt22,50,eng-hau,,,,,,,,,
150,could you convert this english text to swahili?,many major organizations have been attacked this way.,vyama vikuu vingi vya ushirika vimeangamia kwa mtindo huo.,mmt,wmt22,1,eng-swa,,,,,,,,,
151,please convert this english content into swahili.,pouring rain today...,tma yatabiri mvua kubwa leo,mmt,wmt22,2,eng-swa,,,,,,,,,
152,translate the following from english into swahili.,"12 ""then, after the seventy years of captivity are over, i will punish the king of babylon and his people for their sins,"" says the lord.","12 ""lakini miaka sabini itakapotimia, nitamwadhibu mfalme wa babeli na taifa lake na nchi ya wakaldayo kwa ajili ya hatia yao,"" asema bwana.",mmt,wmt22,3,eng-swa,,,,,,,,,
153,please convert this english content into swahili.,"as in many other european languages, many polish names have a diminuitive form, or forms.","kama zilivyo lugha nyengine, kiswahili nacho kina majina mengi yasiyo umoja au yasiyo wingi.",mmt,wmt22,4,eng-swa,,,,,,,,,
154,could you convert this english text to swahili?,"so let's get into the code,","tafadhali, kuingia code,",mmt,wmt22,5,eng-swa,,,,,,,,,
155,could you convert this english text to swahili?,the second miracle at cana.,muujiza wa pili huko kana,mmt,wmt22,6,eng-swa,,,,,,,,,
156,could you convert this english text to swahili?,fall is a great time to make your home warm and inviting.,a houseing ni wakati wa furaha kujaza nyumba yako na vibes nzuri.,mmt,wmt22,7,eng-swa,,,,,,,,,
157,translate the following from english into swahili.,i'm not saying they're talented.,nakwambia hawana sifa.,mmt,wmt22,8,eng-swa,,,,,,,,,
158,could you convert this english text to swahili?,women's twenty20 matches played by highveld women,displaying 20 gt images for wanawake wenye matako makubwa,mmt,wmt22,9,eng-swa,,,,,,,,,
159,please convert this english content into swahili.,they could make 8-inch bends (such as 1/2-inch pex).,wanaweza kufanya bends 8-inch (kwa pe / 1-inch pex).,mmt,wmt22,10,eng-swa,,,,,,,,,
160,please convert this english content into swahili.,jesus returned to nazareth with his parents.,yesu akaenda nyumbani nazareti pamoja na wazazi wake.,mmt,wmt22,11,eng-swa,,,,,,,,,
161,could you convert this english text to swahili?,"however, the security guard said that he just wanted to save the life of the little",- mwingine aliwaambia polisi kuwa alitaka tu kukusanya sadaka kutoka kwa waumini,mmt,wmt22,12,eng-swa,,,,,,,,,
162,could you convert this english text to swahili?,bhagawan was told that all that they would get was a certificate.,hassan amesema biashara zote alizokuwa akifanya bashir zilikuwa halali.,mmt,wmt22,13,eng-swa,,,,,,,,,
163,could you convert this english text to swahili?,we sent out over 60 million newsletters in 15 different languages.,huchapisha zaidi ya magazeti milioni 18 katika lugha zaidi ya 55 kwa ajili ya maeneo ya pasifiki.,mmt,wmt22,14,eng-swa,,,,,,,,,
164,translate the following from english into swahili.,drinking a good amount of water is vital for proper functioning of the body.,ni muhimu kunywa maji ya kutosha ili kuufanya mwili kufanya kazi vyema.,mmt,wmt22,15,eng-swa,,,,,,,,,
165,please convert this english content into swahili.,"then on the other hand there are those the believe the teachings of the bible in a very reasonable way, that love and accept the same christ that the bible teaches.",halafu kuna waalimu wengine wa uwongo ambao hudharau umuhimu wa kuheshimu na kutii kwa uangalifu maneno yaliyoandikwa yanayopatikana katika biblia.,mmt,wmt22,16,eng-swa,,,,,,,,,
166,translate the following from english into swahili.,art of mutual gifting.,kuangalia kwa pamoja mwenendo wa michango.,mmt,wmt22,17,eng-swa,,,,,,,,,
167,translate the following from english into swahili.,"let me tell you what yhvh said to me last night.""","nami nitakuambia lile bwana aliloniambia usiku huu.""",mmt,wmt22,18,eng-swa,,,,,,,,,
168,could you convert this english text to swahili?,"so the lord said, ""i will wipe mankind, whom i have created, from the face of the earth.","myahudi alijibu, ""ninaamini kwamba ulimwengu huu una aliyeuumba na ninamuabudu yeye na ninaomba hifadhi kwake.",mmt,wmt22,19,eng-swa,,,,,,,,,
169,please convert this english content into swahili.,he took part in the founding of chile's socialist party.,alikuwa mhusika katika harakati za maendeleo za chama cha socialist party cha chile.,mmt,wmt22,20,eng-swa,,,,,,,,,
170,please convert this english content into swahili.,no love exists in the music industry - chinko ekun,hakuna magari ya umma katikati mwa jiji - mike sonko,mmt,wmt22,21,eng-swa,,,,,,,,,
171,translate the following from english into swahili.,stuck in the building,wangali ndani ya jengo hilo,mmt,wmt22,22,eng-swa,,,,,,,,,
172,translate the following from english into swahili.,we sleep at a hotel near the airport.,tulilala kwenye hoteli moja pembeni ya mbuga.,mmt,wmt22,23,eng-swa,,,,,,,,,
173,translate the following from english into swahili.,many chinese nationals have flooded into the...,watanzania wengi tumekuzwa katika mazingira...,mmt,wmt22,24,eng-swa,,,,,,,,,
174,please convert this english content into swahili.,belleayre is great today.,shein leo ikulu.,mmt,wmt22,25,eng-swa,,,,,,,,,
175,could you convert this english text to swahili?,"now that one should be there in 2017, hopefully progress will be quicker.","kama umekosa sasa hivi, naamini 2015 utakuwepo, na tutakuhitaji zaidi muda huo.",mmt,wmt22,26,eng-swa,,,,,,,,,
176,could you convert this english text to swahili?,"15 if i said, ""i will speak thus,""","15 kama ningesema, ""nitasema hivi,""",mmt,wmt22,27,eng-swa,,,,,,,,,
177,please convert this english content into swahili.,"the previously unreported meeting was revealed by journalist john dinges, who published the findings in his blog ciper , as well as in the huffington post, where he writes about john mccain ""who has harshly criticized the idea of sitting down with dictators without pre-conditions, appears to have done just that."" with ""pinochet, one of the world's most notorious violators of human rights credited with killing more than 3,000 civilians and jailing tens of thousands of others."" ","mkutano huo ambao haujawahi kuripotiwa hapo awali umewekwa wazi na mwandishi wa habari john dinges, ambaye amechapisha habari hiyo kwenye blogu yake cipher , kadhalika katika blogu ya huffington post, ambako huwa anaandika masuala yanayomhusu john mccain ""ambaye amekuwa akishutumu vikali dhana ya kuketi na watawala wa kiimla bila ya masharti yoyote, inaonekana kuwa alifanya hivyo na ""pinochet, mmoja wa watawala wakiukaji wa haki za binaadamu ambaye anashutumiwa kuua zaidi ya raia 3,000 na kuwasweka gerezani makumi ya maelfu wengine""",mmt,mafand,28,eng-swa,,,,,,,,,
178,please convert this english content into swahili.,"speaking on the theme of this year's celebration: ""seven billion dreams.","aliongeza kuwa ujumbe wa maadhimisho ya siku hiyo mwaka huu unasema "" ndoto bilioni saba.",mmt,wmt22,29,eng-swa,,,,,,,,,
179,translate the following from english into swahili.,there is another time,wakati mwingini another time,mmt,wmt22,30,eng-swa,,,,,,,,,
180,please convert this english content into swahili.,my twins were born a boy and girl.,walikuwa wangu nao wakazaa wavulana na msichana.,mmt,wmt22,31,eng-swa,,,,,,,,,
181,could you convert this english text to swahili?,i used adobe after effects for video editing and adobe premiere pro for cutting and sound editing.,naitumia sana napoedit video kwa adobe premiere na after effects na disc zake znatoa quality nzuri.,mmt,wmt22,32,eng-swa,,,,,,,,,
182,please convert this english content into swahili.,"""we want your child to be safe at school.","""kijana wako yuko salama hapa shuleni.",mmt,wmt22,33,eng-swa,,,,,,,,,
183,please convert this english content into swahili.,users who reposted angels and demons (feat.,kwa kuwapatiliza wale makafiri kwa upepo na malaika.,mmt,wmt22,34,eng-swa,,,,,,,,,
184,could you convert this english text to swahili?,"she explained: ""i was really upset when they said i couldn't freeze my eggs.","alisema: ""nilikasirika sana wakati walisema siwezi kufungia mayai yangu.",mmt,wmt22,35,eng-swa,,,,,,,,,
185,translate the following from english into swahili.,"alexand... wants to travel to nassau, bahamas","la sita: ushawahi kufika nassau,bahamas?",mmt,wmt22,36,eng-swa,,,,,,,,,
186,could you convert this english text to swahili?,the book of enoch: translated from the ethiopic,chanzo: imetafsiriwa kutoka tovuti ya enca,mmt,wmt22,37,eng-swa,,,,,,,,,
187,translate the following from english into swahili.,"say: ""this is a book.",me: hiyo ni kitabu.,mmt,wmt22,38,eng-swa,,,,,,,,,
188,please convert this english content into swahili.,in the great china region.,kwenye ligi kuu ya china.,mmt,wmt22,39,eng-swa,,,,,,,,,
189,could you convert this english text to swahili?,"several years ago, i visited a large church where the attendance had been plunging.","miaka hamsini iliyopita, tulihudhuria kanisa katika boma kubwa, lililokarabatiwa.",mmt,wmt22,40,eng-swa,,,,,,,,,
190,could you convert this english text to swahili?,"""the people of the community used to think the droughts and heavy rains were the work of witchcraft.","""watu kijijini walikuwa wakidhani ukame na mvua kubwa ilikuwa ni kazi ya uchawi.",mmt,wmt22,41,eng-swa,,,,,,,,,
191,please convert this english content into swahili.,"we are offering all social or environmental enterprises based in the countries of southern and eastern africa the opportunity to register details on their name, location, website, contact details and the goods and services they provide in a free directory that will be available online and on a cd, so that potential customers, supporters and donors can find your details.","tunatoa kwa mashirika yote ya jamii au ya kimanzigira yaliyo katika nchi za afrika kusini na mashariki nafasi ya kusajili maelezo ya majina yao, maeneo, tovuti, maelezo ya mawasiliano na bidhaa na huduma wanazotoa katika mpangilio orodha usiokuwa na malipo ambao utapatikana mtandaoni na kwenye cd, ili wateja wanaozekana, waungaji mkono na wafadhali waweze kupata maelezo yako.",mmt,wmt22,42,eng-swa,,,,,,,,,
192,please convert this english content into swahili.,"however, it was strange ritual that evra started in the early part of the 2005/06 season while playing for monaco that earned him his breakthrough.","hata hivyo, ni kupitia kimila ya kushangaza ambayo evra alianza kufanya katika msimu wa mwaka 2005/06 wakati alikuwa akichezea monaco ambayo ilimpea kibali.",mmt,wmt22,43,eng-swa,,,,,,,,,
193,could you convert this english text to swahili?,the video was made by jens norÃ©n.,video hiyo imetengenezwa na dir nisher.,mmt,wmt22,44,eng-swa,,,,,,,,,
194,translate the following from english into swahili.,"shabbat, what do we eat?",swahili unataka kula nini?,mmt,wmt22,45,eng-swa,,,,,,,,,
195,translate the following from english into swahili.,short movie (2),hadithi fupi (2),mmt,wmt22,46,eng-swa,,,,,,,,,
196,translate the following from english into swahili.,i voted on the first day,hata mimi nimekubali sana leo kwa siku ya kwanza,mmt,wmt22,47,eng-swa,,,,,,,,,
197,please convert this english content into swahili.,each state has a different culture of tolerance.,kila nchi ina demokrasia tofauti.,mmt,wmt22,48,eng-swa,,,,,,,,,
198,please convert this english content into swahili.,so alice decided to come with me.,"hivyo, bi mkubwa aliamua kutokuja nami.",mmt,wmt22,49,eng-swa,,,,,,,,,
199,could you convert this english text to swahili?,"the question, then, is where do we find god?",swali; ni wapi mimi nilisema tumpotezee mungu?,mmt,wmt22,50,eng-swa,,,,,,,,,
200,"Is the following question True, False or Neither?",Ya kai tsawon sati ne kawai.,2,,,1,hau,"Kuma zai iya cigaba har shekara ashirin, ina ganin wannan abun akwai shashanci.",,,,,,,,
201,"Is the following question True, False or Neither?",Bani da aikin yi dan haka kawai na ajjiye duk akwatunan a gida.,2,,,2,hau,Amma aiki na shine na saka wannan lema a jikin shi da kuma abubuwan kariya idan zaa aika kayan zuwa kasashen waje.,,,,,,,,
202,"Is the following question True, False or Neither?",Idan suka samu horo suna da dadin sha'anin.,0,,,3,hau,Kuma zasu iya zama masu kirki bayan an horar da su.,,,,,,,,
203,"Is the following question True, False or Neither?",Baban sa bai taÉ“a mallakar komai ba a rayuwar sa.,2,,,4,hau,"Amma shine ne, ka sani,  ta hanyoyi da yawa kamar É—an mai gona saboda yaron wannan mutumin ne da yake da kadarori da yawa. ",,,,,,,,
204,"Is the following question True, False or Neither?","Kash, ta kasa ganewa sosai saboda banbancin yare.",1,,,5,hau,"Kuma, bata gane ba fa.",,,,,,,,
205,"Is the following question True, False or Neither?",Bana buÆ™atar ko wanne irin taimakon ka.,2,,,6,hau,Ina buÆ™atar kayi min wani abu.,,,,,,,,
206,"Is the following question True, False or Neither?","Babu matsala, idan baka É—auke shi da mahimmanci ba.",2,,,7,hau,"Hakane, akwai sadaukarwa, bawai kawai wani abu ne da zaka iya ba, saboda kawai ka shiga cikin sa,  bana tunani hakan zai yi yu.",,,,,,,,
207,"Is the following question True, False or Neither?",Ya kasance mai gaskia da kirki.,2,,,8,hau,"Kuma, shi mai neman mata ne, kuma Eh, kullum yana waje, kuma, ah, dan haka,  bana son shi, amma kome ne ma wadannan labaraina ne.",,,,,,,,
208,"Is the following question True, False or Neither?",WaÉ—anne na'urorin kwayoyin halitta yawanci ana amfani dasu a fitar da guba iri-ir dan samun kariya.,1,,,9,hau,WaÉ—annan rikirkitattun na'urar kwayoyin halitta sun samo asali ne saboda zaÉ“in su a haka zai iya canza yanayi su gaba É—aya dan haka su kwayoyin halitta suna taruwa lokacin da yanayin su na gaba É—aya ya haÉ“aka kuma ya canza da yanayi da suke.,,,,,,,,
209,"Is the following question True, False or Neither?",Tashar labaran Æ™asa yana bayar da unguwannin mu baya.,1,,,10,hau,Ka damu da yadda labarun Æ™asa ke shafar unguwanni.,,,,,,,,
210,"Is the following question True, False or Neither?",Ya fadawa babar sa yaji gida.,0,,,11,hau,"Sai ya ce, Mama na dawo gida.",,,,,,,,
211,"Is the following question True, False or Neither?",Ta haka dai na iya fidda maÉ“ellin.,2,,,12,hau,"Yanzu hakan ne, uh na bar maÉ“ellin a jiki.",,,,,,,,
212,"Is the following question True, False or Neither?","sai da na tabbatar da maÉ“allin a É“alle yake sosai, dan na samu cikakken tsaro.",1,,,13,hau,"Yanzu hakan ne, uh na bar maÉ“ellin a jiki.",,,,,,,,
213,"Is the following question True, False or Neither?",Ina tunani zai zama Æ™alubale a canja waÉ—anda ke wakiltar mu amma akwai nasara a Æ™arshe. ,1,,,14,hau,"Kuma abinda nake ganin zai bada sha'awa shine abinda muke yi, ina nufin za mu canza mutane da ke wakiltar mu.",,,,,,,,
214,"Is the following question True, False or Neither?",HaÉ—in wurraren nan wani sa'in na da kyau.,1,,,15,hau,"Eh, ta wajan hayin mu nan, muna da haÉ—in a karkara da bashi da kyau.",,,,,,,,
215,"Is the following question True, False or Neither?","A shekarar 1787, an sa doka da ta hana mutane dawo da bayi da suke cikin Æ™asar yanci.",2,,,16,hau,A cikin kundin tsarin mulki na 1787 ya bada izini da masu bayi su dawo da bayin su da suka tsere zuwa Æ™asar 'yanci.,,,,,,,,
216,"Is the following question True, False or Neither?",Kawai nasan ba zai yi dadin ba kuma babu riba mu canja waÉ—anda ke wakiltar mu dan haka kar ma muyi Æ™oÆ™arin canjin.,2,,,17,hau,"Kuma abinda nake ganin zai bada sha'awa shine abinda muke yi, ina nufin za mu canza mutane da ke wakiltar mu.",,,,,,,,
217,"Is the following question True, False or Neither?",Wanda kake dashi tabbas masu igiyar su kaÉ—ai ne sababbin zuwa.,2,,,18,hau,"Eh, tabbas wanda ka samu marar igiya ne.",,,,,,,,
218,"Is the following question True, False or Neither?",Na san abinda nake bukatar yi yayin da na shiga Washington. ,2,,,19,hau,"Ban san komai ba akan me zanje yi ba, balle na je wani keÉ“antaccen wuri a Washington.",,,,,,,,
219,"Is the following question True, False or Neither?",Doka zata fanshi Amurka.,1,,,20,hau,Doka tana fansar ba É—aiÉ—aikun mutane kawai ba har da al'umma ko Æ™asa gaba É—aya. ,,,,,,,,
220,"Is the following question True, False or Neither?",Babu wani kayan aiki da zai warware wannan matsalar gaba É—aya da kansa,0,,,21,hau,Amma ban yadda waÉ—annan kayan aikin shayo kan matsalar zaa iya gama su ba.,,,,,,,,
221,"Is the following question True, False or Neither?",Naji duka abinda ta faÉ—a.,2,,,22,hau,Watakila ta faÉ—awa kowa kuma ban bada hankali na ba a lokacin.,,,,,,,,
222,"Is the following question True, False or Neither?",Na tsane shi saboda yana da girman kai.,1,,,23,hau,"Kuma, shi mai neman mata ne, kuma Eh, kullum yana waje, kuma, ah, dan haka,  bana son shi, amma kome ne ma wadannan labaraina ne.",,,,,,,,
223,"Is the following question True, False or Neither?",Ba zan damu ba idan É—aukan nauyin kuÉ—in da ake gudanar da ma'aikatar ake yi. ,0,,,24,hau,"Eh, Eh, na sani, ba zan ma damu sosai ba idan suna da kamfani dake da kudi",,,,,,,,
224,"Is the following question True, False or Neither?",Ba'a bashi damar halarta ba.,0,,,25,hau,Bai samu zuwa ba.,,,,,,,,
225,"Is the following question True, False or Neither?",Ina ga akwai shirme ace shari'a guda É—aya zata iya É—aukan shekaru.,1,,,26,hau,"Kuma zai iya cigaba har shekara ashirin, ina ganin wannan abun akwai shashanci.",,,,,,,,
226,"Is the following question True, False or Neither?",Zan ji haushi idan na gane sun É—aukin nauyin kuÉ—in da ake gudanar da ma'aikatar.,2,,,27,hau,"Eh, Eh, na sani, ba zan ma damu sosai ba idan suna da kamfani dake da kudi",,,,,,,,
227,"Is the following question True, False or Neither?",Haka daidai yadda na tamke shi.,0,,,28,hau,"Yanzu hakan ne, uh na bar maÉ“ellin a jiki.",,,,,,,,
228,"Is the following question True, False or Neither?",Gaskiya ban damu ba in ina da wajan zama.,2,,,29,hau,"Hakane, akwai wani abu game da samun wajan zama, ban dai sani ba.",,,,,,,,
229,"Is the following question True, False or Neither?",Abu ne mai sauki a gane ko daukan nauyin ma'aikatar aka yi. ,1,,,30,hau,"Eh, Eh, na sani, ba zan ma damu sosai ba idan suna da kamfani dake da kudi",,,,,,,,
230,"Is the following question True, False or Neither?",Ina wa wani daban magana ne a lokacin.,1,,,31,hau,Watakila ta faÉ—awa kowa kuma ban bada hankali na ba a lokacin.,,,,,,,,
231,"Is the following question True, False or Neither?","Ya kira babar sa, sanda motar makarantar ta sauke shi.",1,,,32,hau,"Sai ya ce, Mama na dawo gida.",,,,,,,,
232,"Is the following question True, False or Neither?",Bama samun ko wanne irin amfanu.,2,,,33,hau,ÆŠaya daga cikin amfanu da muke samu shine tafiye-tafiye,,,,,,,,
233,"Is the following question True, False or Neither?",Kogin maciji yana da kunkuru.,1,,,34,hau,"Oh, Ashe kogin maciji oh kogin maciji na É—auke da macizai da yawa a ciki.",,,,,,,,
234,"Is the following question True, False or Neither?",Nace a'a amma yaci gaba da ja-in-ja.,2,,,35,hau,"Kuma kawai sai naji Hakane, wannan din ne.",,,,,,,,
235,"Is the following question True, False or Neither?",Ni ba mai ra'ayi sa bane.,0,,,36,hau,"Kuma, shi mai neman mata ne, kuma Eh, kullum yana waje, kuma, ah, dan haka,  bana son shi, amma kome ne ma wadannan labaraina ne.",,,,,,,,
236,"Is the following question True, False or Neither?",Ban damu ba da abinda labarun Æ™asa ke nuni cike da damuwa kan unguwannin mu.,2,,,37,hau,Ka damu da yadda labarun Æ™asa ke shafar unguwanni.,,,,,,,,
237,"Is the following question True, False or Neither?","Duk da sunan sa, Kogin maciji a zahiri bai É—auke da kowanne maciji, An sanya masa sunan saboda siffar sa ta S.",2,,,38,hau,"Oh, Ashe kogin maciji oh kogin maciji na É—auke da macizai da yawa a ciki.",,,,,,,,
238,"Is the following question True, False or Neither?",Yayar kakar ba fara bace amma ta so ta zama dan ta iya zuwa makaranta. ,1,,,39,hau,"Kuma kakar mu tana bamu labarin yadda yayar ta da mijinta suka yanke shawarar koma wa cikin gari zuwa Augusta, su koma farare.",,,,,,,,
239,"Is the following question True, False or Neither?",Jirage sama da biyu suka É“ata saboda yanayin samaniya.,1,,,40,hau,"Biyu kawai muka rasa, ko uku a jiragen sama lokacin da muke kan gwaji.",,,,,,,,
240,"Is the following question True, False or Neither?",Da yawan na'urorin kwayoyin halitta zasu iya bayyana wasa Æ™aâ€™idoji.,0,,,41,hau,WaÉ—annan rikirkitattun na'urar kwayoyin halitta sun samo asali ne saboda zaÉ“in su a haka zai iya canza yanayi su gaba É—aya dan haka su kwayoyin halitta suna taruwa lokacin da yanayin su na gaba É—aya ya haÉ“aka kuma ya canza da yanayi da suke.,,,,,,,,
241,"Is the following question True, False or Neither?",Sama da jirage biyu suka É“ata. ,0,,,42,hau,"Biyu kawai muka rasa, ko uku a jiragen sama lokacin da muke kan gwaji.",,,,,,,,
242,"Is the following question True, False or Neither?",Babu laifi.,2,,,43,hau,Gaskiya ba kyau fa uh.,,,,,,,,
243,"Is the following question True, False or Neither?","Bani da tabbas kan me zanyi, dan haka naje Washington inda aka tura ni nayi naje.",0,,,44,hau,"Ban san komai ba akan me zanje yi ba, balle na je wani keÉ“antaccen wuri a Washington.",,,,,,,,
244,"Is the following question True, False or Neither?","Ina tunani haka, amma ban sami nutsuwa a raina ba a kan maganar gwajin kwaya.",0,,,45,hau,"Ina ganin zai yi yi, ina tunanin hakan, ban dai gama sani mene ra'ayi na game da yin gwajin kwaya ba, uh ,am ni bana shan komai kuma bazan taÉ“a tunani sha ba.",,,,,,,,
245,"Is the following question True, False or Neither?",Bai ce ko kalma É—aya ba.,2,,,46,hau,"Sai ya ce, Mama na dawo gida.",,,,,,,,
246,"Is the following question True, False or Neither?",WaÉ—annan kayan aikin suna aiki a kowanne irin yanayi.,2,,,47,hau,Amma ban yadda waÉ—annan kayan aikin shayo kan matsalar zaa iya gama su ba.,,,,,,,,
247,"Is the following question True, False or Neither?",Tafiye-tafiye shine fannin da nafi so.,1,,,48,hau,ÆŠaya daga cikin amfanu da muke samu shine tafiye-tafiye,,,,,,,,
248,"Is the following question True, False or Neither?",Kana maganar dalibai ne suka yi ko mai taimakon malamai ne suka yi?,2,,,49,hau,Kana maganar malaman ne ko iyayen.,,,,,,,,
249,"Is the following question True, False or Neither?","Ban taÉ“a zuwa Washington ba, dan haka lokacin da ka tura ni wajan, Sai dana É“ata ina Æ™oÆ™arin gano wajan.",1,,,50,hau,"Ban san komai ba akan me zanje yi ba, balle na je wani keÉ“antaccen wuri a Washington.",,,,,,,,
250,"Is the following question True, False or Neither?",Inadumu wiki moja tu.,2,,,1,swa,"Inaweza kuendelea kwa miaka ishirini, ninadhani hii ni ujinga.",,,,,,,,
251,"Is the following question True, False or Neither?",Sikukuwa na kazi hivyo niliweka sanduku zote nyumbani.,2,,,2,swa,Lakini kazi yangu ilikuwa kuweka parashuti juu yake na vyombo vya kuokoa maisha wakati tulipakia mzigo na kuanza kuenda mahali nje ya nchi.,,,,,,,,
252,"Is the following question True, False or Neither?",Wanapopata mafunzo wanaweza kuwa wazuri kabisa,0,,,3,swa,Wanaweza pia kuwa wazuri baada ya kufunzwa.,,,,,,,,
253,"Is the following question True, False or Neither?",Baba yake hakumiliki kitu chochote katika maisha yake.,2,,,4,swa,"Lakini alikuwa, unajua, kwa njia nyingi, kama mwana wa mmiliki wa mimea kwa sababu alikuwa mwana wa mtu huyu ambaye alikuwa na mali nyingi.",,,,,,,,
254,"Is the following question True, False or Neither?","Alas, hakuweza kuelewa wazi kutokana na kizuizi cha lugha.",1,,,5,swa,"Alafu, hakuelewa kabisa.",,,,,,,,
255,"Is the following question True, False or Neither?",Sihitaji msaada wowote.,2,,,6,swa,Ninahitaji kufanya kitu kwa ajili yangu.,,,,,,,,
256,"Is the following question True, False or Neither?",Ni sawa iwapo hautaichukulia kwa uzito,2,,,7,swa,hasa ni hali ya kazi sio kitu ambacho unaweza kuwa na aina wajua kuwa bila kushiriki haswa na kutarajia kufanya mazuri yoyote kweli sidhani,,,,,,,,
257,"Is the following question True, False or Neither?",Alikuwa mwaminifu sana na mzuri.,2,,,8,swa,Alikuwa mshambuliaji wa watoto na alipenda kuzurura. Sikumpenda lakini wajua hizo ndio hadithi zangu.,,,,,,,,
258,"Is the following question True, False or Neither?",Hivi vifaa vya kimolekuli hasa hutumiwa kutoa sumu za ulinzi.,1,,,9,swa,Vipengele hivi vya juu vya utaratibu wa vifaa vya molekuli hutokea kwa sababu uteuzi wa asili una uwezo wa kutenda juu ya mali ya pamoja ya molekuli wakati mali hizo za pamoja zinaongeza uwezo wa kubadili.,,,,,,,,
259,"Is the following question True, False or Neither?",Maduka ya habari ya kitaifa hufanya maeneo yetu ya ndani yanaonekana nyuma.,1,,,10,swa,tahadhari kuhusu jinsi habari za kitaifa zinavyoathiri mtaa,,,,,,,,
260,"Is the following question True, False or Neither?",Alimwambia mama yake alikuwa amefika nyumbani.,0,,,11,swa,"Naye akasema, Mama, niko nyumbani.",,,,,,,,
261,"Is the following question True, False or Neither?",Hivyo ndivyo haswa jinsi nilivyoachiliwa.,2,,,12,swa,"Sasa hivyo ndivyo jinsi, uh, mimi hufungiwa ndani kwa bakoli.",,,,,,,,
262,"Is the following question True, False or Neither?","Nilihakikisha kwamba ukanda ulikua imara kuhakikisha usalama wangu,",1,,,13,swa,"Sasa hivyo ndivyo jinsi, uh, mimi hufungiwa ndani kwa bakoli.",,,,,,,,
263,"Is the following question True, False or Neither?",Nafikiri itakuwa vigumu kubadili wawakilishi wetu lakini kwa manufaa mwishoni.,1,,,14,swa,Kitu ambacho naona ni cha kupendeza sana ni kwamba itatubidi tuwabadilishe watu ambao wanatuwakilisha.,,,,,,,,
264,"Is the following question True, False or Neither?",Uhusiano karibu hapa ni wakati mwingine sawa.,1,,,15,swa,"Ndio, huku kijijini utandawazi uko katika hali mbaya sana.",,,,,,,,
265,"Is the following question True, False or Neither?","Mwaka wa 1787, sheria ilipitishwa kuzuia watu kuwarejesha tena watumwa waliokuwa wamefika ardhi za Uhuru.",2,,,16,swa,Nakala ya kikatiba ya 1787 ilikuwa imesema haki ya wamiliki wa watumwa kuokoa watumwa ambao wamepotea katika eneo la uhuru.,,,,,,,,
266,"Is the following question True, False or Neither?","Najua kwamba litakuwa jambo la kuchosha na lisilostahili kuwabadilisha wanaotuwakilisha, kwa hivyo hata hatufai kujaribu kubadilisha.",2,,,17,swa,Kitu ambacho naona ni cha kupendeza sana ni kwamba itatubidi tuwabadilishe watu ambao wanatuwakilisha.,,,,,,,,
267,"Is the following question True, False or Neither?",Ile uliyokuwa nayo kwa uhakika ni toleo la kamba tu.,2,,,18,swa,Lazima uwe ulikuwa na yenye haina kamba.,,,,,,,,
268,"Is the following question True, False or Neither?",Nilijua hasa kile nilichohitaji kufanya  nilipoingia Washington.,2,,,19,swa,"Sikujua nini nilichoendea au kitu chochote, hivyo ilikuwa na ni ripoti mahali paliopangwa huko Washington.",,,,,,,,
269,"Is the following question True, False or Neither?",sheria itaokoa Amerika.,1,,,20,swa,Sheria haitoi mtu binafsi lakini jumuiya au taifa kwa ujumla.,,,,,,,,
270,"Is the following question True, False or Neither?",Hakuna chombo chochote kinaweza maliza hii kazi yote kwa wakati mmoja.,0,,,21,swa,Lakini siamini chombo chochote cha algorithmic kinaweza kua kamili.,,,,,,,,
271,"Is the following question True, False or Neither?",Nilisikia kila kitu alichosema.,2,,,22,swa,Labda aliambia kila mtu na sikuwa natilia maanani kwa wakati huo.,,,,,,,,
272,"Is the following question True, False or Neither?",Nilimchukia kwa sababu alikuwa mwenye kiburi sana.,1,,,23,swa,Alikuwa mshambuliaji wa watoto na alipenda kuzurura. Sikumpenda lakini wajua hizo ndio hadithi zangu.,,,,,,,,
273,"Is the following question True, False or Neither?",Haiwezi kunisumbua kama shirika lililipwa fedha.,0,,,24,swa,"naam, unajua singejali sana ikiwa walikuwa na shirika la um linalofadhiliwa",,,,,,,,
274,"Is the following question True, False or Neither?",Hakuruhusiwa kuhudhuria.,0,,,25,swa,Hakuweza kuenda.,,,,,,,,
275,"Is the following question True, False or Neither?",Nadhani inashangaza kwamba kesi moja inaweza kuendelea kwa miaka mingi.,1,,,26,swa,"Inaweza kuendelea kwa miaka ishirini, ninadhani hii ni ujinga.",,,,,,,,
276,"Is the following question True, False or Neither?",Itanifanya niwe na hasira nikigudua kuwa walifadhili kampuni hio.,2,,,27,swa,"naam, unajua singejali sana ikiwa walikuwa na shirika la um linalofadhiliwa",,,,,,,,
277,"Is the following question True, False or Neither?",Hiyo ni sawa jinsi nilivyofungwa.,0,,,28,swa,"Sasa hivyo ndivyo jinsi, uh, mimi hufungiwa ndani kwa bakoli.",,,,,,,,
278,"Is the following question True, False or Neither?",Sijali kamwe kama nini pahala pa kuishi.,2,,,29,swa,Ndio kuna kitu kuhusu kuwa na mahali pa kuishi sijui,,,,,,,,
279,"Is the following question True, False or Neither?",Itakuwa rahisi kujua kama shirika lilifadhiliwa.,1,,,30,swa,"naam, unajua singejali sana ikiwa walikuwa na shirika la um linalofadhiliwa",,,,,,,,
280,"Is the following question True, False or Neither?",Nilikuwa nikizungumza na mtu mwingine wakati huo.,1,,,31,swa,Labda aliambia kila mtu na sikuwa natilia maanani kwa wakati huo.,,,,,,,,
281,"Is the following question True, False or Neither?",Alimwita mama yake mara tu basi ya shule ilipomshukisha.,1,,,32,swa,"Naye akasema, Mama, niko nyumbani.",,,,,,,,
282,"Is the following question True, False or Neither?",Hatupati manufaa yoyote.,2,,,33,swa,Mojawapo ya faida tunazozipata ni nafasi ya kuzuru.,,,,,,,,
283,"Is the following question True, False or Neither?",Mto wa nyoka una kasa wengi wenye hasira,1,,,34,swa,"Oh ulikuwa mto wa nyoka,yenye nyoka mingi sana.",,,,,,,,
284,"Is the following question True, False or Neither?","Nilisema La, ikaendelea na kuendelea.",2,,,35,swa,Mimi nilikuwa nimeridhika nayo.,,,,,,,,
285,"Is the following question True, False or Neither?",Sikuwa shabiki wake.,0,,,36,swa,Alikuwa mshambuliaji wa watoto na alipenda kuzurura. Sikumpenda lakini wajua hizo ndio hadithi zangu.,,,,,,,,
286,"Is the following question True, False or Neither?",Ningeweza kujali chini ya habari gani za kitaifa zinazohusu wasiwasi kuhusu maeneo yetu.,2,,,37,swa,tahadhari kuhusu jinsi habari za kitaifa zinavyoathiri mtaa,,,,,,,,
287,"Is the following question True, False or Neither?","Licha ya jina lake, Mto wa nyoka, hakuna nyoka kwenye mto huo. Unaitwa hivyo kwa ajili ya muundo wake wa S.",2,,,38,swa,"Oh ulikuwa mto wa nyoka,yenye nyoka mingi sana.",,,,,,,,
288,"Is the following question True, False or Neither?",Dadake bibi yangu hakuwa mweupe lakini alitaka kuwa ili aweze kwenda shule.,1,,,39,swa,Nyanyangu alikuwa na mazoea ya kusema hadithi ya jinsi dadake na bwana wa dadake walivyoamua wataenda mjini Augusta na wjifanye wazungu.,,,,,,,,
289,"Is the following question True, False or Neither?",Ndege kadhaa zilipotea kwa sababu ya hali ya hewa.,1,,,40,swa,"Kupoteza tu ndege mbili, tatu wakati tulikuwa huko na, uh, wakati wa kupima.",,,,,,,,
290,"Is the following question True, False or Neither?",Ugumu wa chombo cha masi kubwa unaweza inuka kwa mazingira tofauti.,0,,,41,swa,Vipengele hivi vya juu vya utaratibu wa vifaa vya molekuli hutokea kwa sababu uteuzi wa asili una uwezo wa kutenda juu ya mali ya pamoja ya molekuli wakati mali hizo za pamoja zinaongeza uwezo wa kubadili.,,,,,,,,
291,"Is the following question True, False or Neither?",Ndege kadhaa zilipotea.,0,,,42,swa,"Kupoteza tu ndege mbili, tatu wakati tulikuwa huko na, uh, wakati wa kupima.",,,,,,,,
292,"Is the following question True, False or Neither?",Si mbaya kamwe.,2,,,43,swa,ni mbaya sana,,,,,,,,
293,"Is the following question True, False or Neither?",Sikuwa na hakika kabisa nilichokuwa nikienda kufanya hivyo nilikwenda Washington ambako nilipewa kazi ya kuripoti.,0,,,44,swa,"Sikujua nini nilichoendea au kitu chochote, hivyo ilikuwa na ni ripoti mahali paliopangwa huko Washington.",,,,,,,,
294,"Is the following question True, False or Neither?",Nafikiria hivo lakini sijaangalia hisia zangu kuhusiana na uchunguzi wa madawa.,0,,,45,swa,"Nafikiri itakuwa, nafikir, vizuri, sijui, bado sijamaliza fikra zangu kuhusiana na upimaji wa dawa.ha, Niko msafi kabisa, siwezi fikiria kutumia madawa.",,,,,,,,
295,"Is the following question True, False or Neither?",Hakusema chochote.,2,,,46,swa,"Naye akasema, Mama, niko nyumbani.",,,,,,,,
296,"Is the following question True, False or Neither?",Vifaa hivi vyafanya kazi barabara katika kila hali.,2,,,47,swa,Lakini siamini chombo chochote cha algorithmic kinaweza kua kamili.,,,,,,,,
297,"Is the following question True, False or Neither?",Kusafiri ni sehemu yangu ninayoipenda.,1,,,48,swa,Mojawapo ya faida tunazozipata ni nafasi ya kuzuru.,,,,,,,,
298,"Is the following question True, False or Neither?","Je, unasema wanafunzi au usaidizi wa mwalimu ulifanya hivyo?",2,,,49,swa,unasema walimu au wazazi,,,,,,,,
299,"Is the following question True, False or Neither?",Sijawahi kwenda Washington hivyo wakati nilipotumwa huko nilipotea nikijaribu kutafuta mahali.,1,,,50,swa,"Sikujua nini nilichoendea au kitu chochote, hivyo ilikuwa na ni ripoti mahali paliopangwa huko Washington.",,,,,,,,
